election_id,prefecture,district_no,order_in_district,elected,result_mark,name_display,name_kanji,name_kana,age,gender,party_raw,party,party_is_certified,status,occupation,votes,dual_candidacy,sekihai_rate,sekihai_excluded,source_page
r08-02-08,北海道,1,1,false,落,道下大樹,,みちしただいき,50,,中道改革連合,中道改革連合,true,前,政党役員,81560,true,72.421,false,102
r08-02-08,北海道,1,2,false,落,臼木ひでたけ,臼木秀剛,うすき,44,,国民民主党,国民民主党,true,前,国民民主党北海道総支部連合会代表,29134,true,25.869,false,102
r08-02-08,北海道,1,3,false,落,森つねと,森英士,もり,48,,日本共産党,日本共産党,true,新,政党役員,12906,false,,false,102
r08-02-08,北海道,1,4,true,当,かとう貴弘,加藤貴弘,たかひろ,43,,自由民主党,自由民主党,true,新,自由民主党北海道第一区選挙区支部長,112618,true,100.000,false,102
r08-02-08,北海道,1,5,false,落,加納ちずこ,加納千津子,かのう,50,,参政党,参政党,true,新,会社員（接客販売業）,22024,false,,false,102
r08-02-08,北海道,2,1,false,落,平岡だいすけ,平岡大介,ひらおか,37,,日本共産党,日本共産党,true,新,日本共産党北海道２区政策委員長,17515,false,,false,102
r08-02-08,北海道,2,2,true,当,髙橋ゆうすけ,髙橋祐介,たかはし,45,,自由民主党,自由民主党,true,元,自由民主党北海道第二選挙区支部長,102343,true,100.000,false,102
r08-02-08,北海道,2,3,false,落,松木けんこう,松木謙公,まつき,66,,中道改革連合,中道改革連合,true,前,会社役員,72670,true,71.006,false,102
r08-02-08,北海道,2,4,false,落,中田あやこ,中田綾子,なかだ,49,,参政党,参政党,true,新,学童支援員,27591,true,26.959,false,102
r08-02-08,北海道,2,5,false,落,山崎泉,,やまざきいずみ,52,,日本維新の会,日本維新の会,true,新,会社役員,18625,true,,true,102
r08-02-08,北海道,3,1,true,当,高木ひろひさ,高木宏壽,たかぎ,65,,自由民主党,自由民主党,true,元,選挙区支部長,114285,true,100.000,false,102
r08-02-08,北海道,3,2,false,落,中島よしき,中島良樹,なかしま,47,,参政党,参政党,true,新,会社員,34838,true,30.483,false,102
r08-02-08,北海道,3,3,false,落,まるこゆう子,円子裕子,こ,62,,日本共産党,日本共産党,true,新,政党役員,15595,false,,false,102
r08-02-08,北海道,3,4,false,落,荒井ゆたか,荒井優,あらい,50,,中道改革連合,中道改革連合,true,前,学校法人役員,81318,true,71.153,false,102
r08-02-08,北海道,4,1,false,落,佐々木あけみ,佐々木明美,ささき,65,,日本共産党,日本共産党,true,新,日本共産党道４区国政対策委員長,14005,false,,false,102
r08-02-08,北海道,4,2,true,当,中村ひろゆき,中村裕之,なかむら,64,,自由民主党,自由民主党,true,前,選挙区支部長,105656,true,100.000,false,102
r08-02-08,北海道,4,3,false,落,おおつきくれは,大築紅葉,,42,,中道改革連合,中道改革連合,true,前,政党役員,83516,true,79.045,false,102
r08-02-08,北海道,4,4,false,落,たかはし翔太,高橋翔太,しょうた,37,,参政党,参政党,true,新,公認心理師,20051,false,,false,102
r08-02-08,北海道,5,1,true,当,和田よしあき,和田義明,わだ,54,,自由民主党,自由民主党,true,元,選挙区支部長,143229,true,100.000,false,102
r08-02-08,北海道,5,2,false,落,池田まき,池田真紀,いけだ,53,,中道改革連合,中道改革連合,true,前,政党役員,105844,true,73.898,false,102
r08-02-08,北海道,6,1,false,落,おぎう和敏,荻生和敏,かずとし,76,,日本共産党,日本共産党,true,新,日本共産党国会議員団北海道６区事務所長,14978,false,,false,102
r08-02-08,北海道,6,2,false,落,にしかわ将人,西川将人,まさひと,57,,中道改革連合,中道改革連合,true,前,政党役員,79954,true,65.927,false,102
r08-02-08,北海道,6,3,true,当,東くによし,東国幹,あずま,57,,自由民主党,自由民主党,true,前,自由民主党北海道第六選挙区支部長,121276,true,100.000,false,102
r08-02-08,北海道,7,1,false,落,しのだ奈保子,中川奈保子,なおこ,54,,中道改革連合,中道改革連合,true,前,弁護士,46588,true,52.149,false,102
r08-02-08,北海道,7,2,true,当,鈴木たかこ,鈴木貴子,すずき,40,,自由民主党,自由民主党,true,前,党広報本部長,89336,true,100.000,false,102
r08-02-08,北海道,8,1,false,落,おおさか誠二,逢󠄃坂誠二,せいじ,66,,中道改革連合,中道改革連合,true,前,政党役員,87526,true,80.871,false,103
r08-02-08,北海道,8,2,true,当,向山じゅん,向山淳,むこうやま,42,,自由民主党,自由民主党,true,前,総務大臣政務官,108229,true,100.000,false,103
r08-02-08,北海道,9,1,false,落,たつの広志,立野広志,ひろし,68,,日本共産党,日本共産党,true,新,政治団体職員,12142,false,,false,103
r08-02-08,北海道,9,2,true,当,松下ひでき,松下英樹,まつした,35,,自由民主党,自由民主党,true,新,自由民主党北海道第九選挙区支部長,87984,true,100.000,false,103
r08-02-08,北海道,9,3,false,落,山岡達丸,,やまおかたつまる,46,,中道改革連合,中道改革連合,true,前,政党役員,81063,true,92.133,false,103
r08-02-08,北海道,9,4,false,落,かんのみほ,菅野望帆,,36,,参政党,参政党,true,新,パート,22900,false,,false,103
r08-02-08,北海道,10,1,false,落,わたなべ孝一,渡辺孝一,こういち,68,,自由民主党,自由民主党,true,元,前衆議院議員,74887,true,99.971,false,103
r08-02-08,北海道,10,2,true,当,神谷ひろし,神谷裕,かみや,57,,中道改革連合,中道改革連合,true,前,政党役員,74908,true,100.000,false,103
r08-02-08,北海道,11,1,false,落,うとたかし,宇都隆史,,51,,参政党,参政党,true,新,参議院議員神谷宗幣事務所,12613,false,,false,103
r08-02-08,北海道,11,2,false,落,石川かおり,石川香織,いしかわ,41,,中道改革連合,中道改革連合,true,前,政党役員,72951,true,84.808,false,103
r08-02-08,北海道,11,3,true,当,中川こういち,中川紘一,なかがわ,35,,自由民主党,自由民主党,true,新,選挙区支部長,86019,true,100.000,false,103
r08-02-08,北海道,12,1,true,当,武部あらた,武部新,たけべ,55,,自由民主党,自由民主党,true,前,選挙区支部長,92400,true,100.000,false,103
r08-02-08,北海道,12,2,false,落,かわはらだ英世,川原田英世,えいせい,43,,中道改革連合,中道改革連合,true,前,政党役員,64719,true,70.042,false,103
r08-02-08,青森県,1,1,false,落,ますた世喜男,升田世喜男,せきお,68,,中道改革連合,中道改革連合,true,前,会社役員,46218,true,64.138,false,103
r08-02-08,青森県,1,2,false,落,さいとうみお,赤平美緒,,46,,日本共産党,日本共産党,true,新,政党役員,9139,false,,false,103
r08-02-08,青森県,1,3,false,落,加藤つとむ,加藤勉,かとう,65,,参政党,参政党,true,新,無職,14181,false,,false,103
r08-02-08,青森県,1,4,true,当,つしま淳,津島淳,じゅん,59,,自由民主党,自由民主党,true,前,選挙区支部長,72060,true,100.000,false,103
r08-02-08,青森県,2,1,true,当,神田潤一,,かんだじゅんいち,55,,自由民主党,自由民主党,true,前,選挙区支部長,104608,true,100.000,false,103
r08-02-08,青森県,2,2,false,落,かねはまあきら,金濱亨,,37,,国民民主党,国民民主党,true,新,政党役員,30016,true,28.693,false,103
r08-02-08,青森県,2,3,false,落,久保しょう,久保将,くぼ,71,,日本共産党,日本共産党,true,新,政党役員,5909,false,,false,103
r08-02-08,青森県,2,4,false,落,松尾和彦,,まつおかずひこ,62,,中道改革連合,中道改革連合,true,新,会社役員,51027,true,48.779,false,103
r08-02-08,青森県,3,1,false,落,岡田はなこ,岡田華子,おかだ,45,,中道改革連合,中道改革連合,true,前,弁護士,67604,true,80.917,false,103
r08-02-08,青森県,3,2,true,当,木村次郎,,きむらじろう,58,,自由民主党,自由民主党,true,元,選挙区支部長,83547,true,100.000,false,103
r08-02-08,青森県,3,3,false,落,佐原若子,,さわらわかこ,72,,れいわ新選組,れいわ新選組,true,前,歯科医師,8570,true,,true,103
r08-02-08,岩手県,1,1,true,当,しなたけし,階猛,,59,,中道改革連合,中道改革連合,true,前,弁護士,73209,true,100.000,false,104
r08-02-08,岩手県,1,2,false,落,米内ひろまさ,米内紘正,よない,38,,自由民主党,自由民主党,true,新,選挙区支部長,67811,true,92.626,false,104
r08-02-08,岩手県,1,3,false,落,吉田恭子,,よしだきょうこ,45,,日本共産党,日本共産党,true,新,党岩手県副委員長,10448,true,,true,104
r08-02-08,岩手県,1,4,false,落,佐々木大成,,ささきたいせい,47,,参政党,参政党,true,新,会社役員,12233,false,,false,104
r08-02-08,岩手県,1,5,false,落,小笠原勇治,,おがさわらゆうじ,62,,（無所属）,無所属,false,新,アルバイト,2080,false,,false,104
r08-02-08,岩手県,2,1,false,落,佐々木まこと,佐々木真琴,ささき,29,,国民民主党,国民民主党,true,新,政党役員,67294,true,54.396,false,104
r08-02-08,岩手県,2,2,true,当,すずき俊一,鈴木俊一,しゅんいち,72,,自由民主党,自由民主党,true,前,政党役員,123711,true,100.000,false,104
r08-02-08,岩手県,3,1,false,落,小沢一郎,,おざわいちろう,83,,中道改革連合,中道改革連合,true,前,政党役員,78731,true,76.752,false,104
r08-02-08,岩手県,3,2,true,当,藤原たかし,藤原崇,ふじわら,42,,自由民主党,自由民主党,true,元,選挙区支部長,102578,true,100.000,false,104
r08-02-08,岩手県,3,3,false,落,及川たいすけ,及川泰輔,おいかわ,47,,参政党,参政党,true,新,会社員,29831,false,,false,104
r08-02-08,宮城県,1,1,false,落,ローレンス綾子,,あやこ,55,,参政党,参政党,true,新,党県連副会長,31664,true,28.737,false,104
r08-02-08,宮城県,1,2,false,落,中嶋れん,中嶋廉,なかじま,73,,日本共産党,日本共産党,true,新,政党役員,9547,false,,false,104
r08-02-08,宮城県,1,3,false,落,高橋こうじ,髙橋浩司,たかはし,62,,日本維新の会,日本維新の会,true,新,日本維新の会衆議院宮城県第１選挙区支部長,15246,true,,true,104
r08-02-08,宮城県,1,4,true,当,土井とおる,土井亨,どい,67,,自由民主党,自由民主党,true,元,自由民主党宮城県第一選挙区支部支部長,110185,true,100.000,false,104
r08-02-08,宮城県,1,5,false,落,岡本あき子,山下章子,おかもとこ,61,,中道改革連合,中道改革連合,true,前,ＮＰＯ法人理事,78106,true,70.886,false,104
r08-02-08,宮城県,2,1,false,落,和田政宗,,わだまさむね,51,,参政党,参政党,true,新,会社代表,36086,true,35.600,false,104
r08-02-08,宮城県,2,2,false,落,鎌田さゆり,,かまた,61,,中道改革連合,中道改革連合,true,前,政党役員,73695,true,72.703,false,104
r08-02-08,宮城県,2,3,false,落,早坂あつし,早坂敦,はやさか,54,,日本維新の会,日本維新の会,true,元,無職,10394,true,,true,104
r08-02-08,宮城県,2,4,true,当,渡辺勝幸,渡邊勝幸,わたなべかつゆき,50,,自由民主党,自由民主党,true,新,選挙区支部長,101364,true,100.000,false,104
r08-02-08,宮城県,2,5,false,落,佐藤りりか,佐藤理々香,さとう,25,,国民民主党,国民民主党,true,新,政党役員,23237,true,,true,104
r08-02-08,宮城県,3,1,true,当,西村あきひろ,西村明宏,にしむら,65,,自由民主党,自由民主党,true,元,自由民主党宮城県第三選挙区支部長,83705,true,100.000,false,104
r08-02-08,宮城県,3,2,false,落,林もえこ,林萌子,はやし,27,,参政党,参政党,true,新,ウェブマーケティング,17440,false,,false,104
r08-02-08,宮城県,3,3,false,落,柳沢つよし,柳沢剛,やなぎさわ,62,,中道改革連合,中道改革連合,true,前,政党役員,47303,true,56.511,false,104
r08-02-08,宮城県,3,4,false,落,ゆうきたかし,結城孝,,41,,（無所属）,無所属,false,新,会社役員,3412,false,,false,104
r08-02-08,宮城県,3,5,false,落,浅田こうじ,淺田晃司,あさだ,79,,（無所属）,無所属,false,新,農業,1121,false,,false,104
r08-02-08,宮城県,4,1,false,落,佐野誠,,さのまこと,41,,参政党,参政党,true,新,私立学校職員,14494,false,,false,105
r08-02-08,宮城県,4,2,false,落,安住淳,,あずみじゅん,64,,中道改革連合,中道改革連合,true,前,政党役員,78671,true,63.316,false,105
r08-02-08,宮城県,4,3,true,当,もりした千里,森千里,ちさと,44,,自由民主党,自由民主党,true,前,選挙区支部長,124250,true,100.000,false,105
r08-02-08,宮城県,5,1,false,落,さかいつねはる,境恒春,,46,,中道改革連合,中道改革連合,true,新,会社役員,30691,true,22.224,false,105
r08-02-08,宮城県,5,2,true,当,小野寺五典,,おのでらいつのり,65,,自由民主党,自由民主党,true,前,選挙区支部長,138094,true,100.000,false,105
r08-02-08,宮城県,5,3,false,落,ゆうき豊,結城豊,ゆたか,66,,日本共産党,日本共産党,true,新,建築士,9698,false,,false,105
r08-02-08,秋田県,1,1,true,当,とがし博之,冨樫博之,ひろゆき,70,,自由民主党,自由民主党,true,前,選挙区支部長,65940,true,100.000,false,105
r08-02-08,秋田県,1,2,false,落,木村さちこ,佐藤佐知子,きむら,39,,国民民主党,国民民主党,true,新,弁護士,25510,true,38.686,false,105
r08-02-08,秋田県,1,3,false,落,さとうみわこ,佐藤美和子,,66,,参政党,参政党,true,新,自営業,7645,false,,false,105
r08-02-08,秋田県,1,4,false,落,鈴木さとし,鈴木知,すずき,49,,日本共産党,日本共産党,true,新,政党職員,5246,false,,false,105
r08-02-08,秋田県,1,5,false,落,はやかわ周作,早川周作,しゅうさく,49,,中道改革連合,中道改革連合,true,新,会社役員,22665,true,34.372,false,105
r08-02-08,秋田県,1,6,false,落,松浦だいご,松浦大悟,まつうら,56,,日本維新の会,日本維新の会,true,新,無職,14843,true,22.509,false,105
r08-02-08,秋田県,2,1,true,当,福原じゅんじ,福原淳嗣,ふくはら,58,,自由民主党,自由民主党,true,前,選挙区支部長,70352,true,100.000,false,105
r08-02-08,秋田県,2,2,false,落,緑川たかし,緑川貴士,みどりかわ,41,,中道改革連合,中道改革連合,true,前,政党役員,57666,true,81.967,false,105
r08-02-08,秋田県,3,1,false,落,みのり川信英,御法川信英,かわのぶひで,61,,自由民主党,自由民主党,true,前,自由民主党秋田県支部連合会会長,85063,true,97.133,false,105
r08-02-08,秋田県,3,2,true,当,村岡としひで,村岡敏英󠄄,むらおか,65,,国民民主党,国民民主党,true,前,国民民主党秋田県総支部連合会代表,87573,true,100.000,false,105
r08-02-08,山形県,1,1,true,当,遠藤ひろあき,遠藤寛明,えんどう,39,,自由民主党,自由民主党,true,新,政党役員,106063,true,100.000,false,105
r08-02-08,山形県,1,2,false,落,原田まさひろ,原田和広,はらだ,52,,中道改革連合,中道改革連合,true,前,政党役員,48443,true,45.673,false,105
r08-02-08,山形県,1,3,false,落,さくらだきょうこ,櫻田恭子,,44,,参政党,参政党,true,新,英会話教室講師,18692,false,,false,105
r08-02-08,山形県,2,1,false,落,きくち大二郎,菊池大二郎,だいじろう,43,,国民民主党,国民民主党,true,前,政党役員,49804,true,39.999,false,105
r08-02-08,山形県,2,2,true,当,すずきのりかず,鈴木憲和,,44,,自由民主党,自由民主党,true,前,選挙区支部長,124512,true,100.000,false,105
r08-02-08,山形県,2,3,false,落,岩本こうじ,岩本康嗣,いわもと,60,,日本共産党,日本共産党,true,新,政党役員,7919,false,,false,105
r08-02-08,山形県,3,1,false,落,落合たくま,落合拓磨,おちあい,28,,中道改革連合,中道改革連合,true,新,中道改革連合山形県第３区総支部長,32432,true,35.745,false,105
r08-02-08,山形県,3,2,false,落,えんどうかずし,遠藤和史,,60,,参政党,参政党,true,新,農家,10770,false,,false,105
r08-02-08,山形県,3,3,true,当,かとう鮎子,角田鮎子,あゆこ,46,,自由民主党,自由民主党,true,前,選挙区支部長,90730,true,100.000,false,105
r08-02-08,山形県,3,4,false,落,喜多こうすけ,喜多恒介,きた,36,,国民民主党,国民民主党,true,新,会社代表,21972,true,24.216,false,106
r08-02-08,福島県,1,1,true,当,西山尚利,,にしやまなおとし,60,,自由民主党,自由民主党,true,新,会社役員,99531,true,100.000,false,106
r08-02-08,福島県,1,2,false,落,亀岡よしかず,亀岡偉一,かめおか,37,,（無所属）,無所属,false,新,会社員,27013,false,,false,106
r08-02-08,福島県,1,3,false,落,かねこ恵美,金子恵美,えみ,60,,中道改革連合,中道改革連合,true,前,政党役員,93471,true,93.911,false,106
r08-02-08,福島県,2,1,false,落,げんば光一郎,玄葉光一郎,こういちろう,61,,中道改革連合,中道改革連合,true,前,政党役員,90146,true,69.908,false,106
r08-02-08,福島県,2,2,false,落,大山りさこ,大山里幸子,おおやま,52,,参政党,参政党,true,新,参政党福島第２支部会計,20645,true,,true,106
r08-02-08,福島県,2,3,false,落,遠藤雄大,,えんどうゆうだい,41,,（無所属）,無所属,false,新,会社経営,1780,false,,false,106
r08-02-08,福島県,2,4,false,落,丸本ゆみこ,丸本由美子,まるもと,63,,日本共産党,日本共産党,true,新,日本共産党県南地区副委員長,6395,false,,false,106
r08-02-08,福島県,2,5,true,当,根本拓,,ねもとたく,39,,自由民主党,自由民主党,true,前,選挙区支部長,128948,true,100.000,false,106
r08-02-08,福島県,3,1,true,当,上杉けんたろう,上杉謙太郎,うえすぎ,50,,自由民主党,自由民主党,true,元,選挙区支部長,107649,true,100.000,false,106
r08-02-08,福島県,3,2,false,落,金山屯,,かなやまじゅん,85,,（無所属）,無所属,false,新,自然塾白河乗馬学校代表,4084,false,,false,106
r08-02-08,福島県,3,3,false,落,おぐま慎司,小熊慎司,しんじ,57,,中道改革連合,中道改革連合,true,前,政党役員,77011,true,71.538,false,106
r08-02-08,福島県,4,1,false,落,山口洋太,堀川洋太,やまぐちようた,35,,国民民主党,国民民主党,true,新,医師,38539,true,38.235,false,106
r08-02-08,福島県,4,2,false,落,斎藤ゆうき,齋藤裕喜,さいとう,46,,中道改革連合,中道改革連合,true,前,政党役員,54672,true,54.240,false,106
r08-02-08,福島県,4,3,false,落,くまがい智,熊谷智,とも,46,,日本共産党,日本共産党,true,新,日本共産党いわき・双葉地区委員長,10254,false,,false,106
r08-02-08,福島県,4,4,true,当,坂本竜太郎,,さかもとりゅうたろう,45,,自由民主党,自由民主党,true,前,選挙区支部長,100795,true,100.000,false,106
r08-02-08,茨城県,1,1,false,落,大内くみ子,大内久美子,おおうちこ,76,,日本共産党,日本共産党,true,新,党茨城県副委員長,12842,false,,false,106
r08-02-08,茨城県,1,2,false,落,かわばたあやみ,川端絢美,,42,,参政党,参政党,true,新,無職,25327,true,28.922,false,106
r08-02-08,茨城県,1,3,false,落,福島のぶゆき,福島伸享,ふくしま,55,,（無所属）,無所属,false,前,会社役員,84703,false,,false,106
r08-02-08,茨城県,1,4,true,当,田所よしのり,田所嘉德,たどころ,72,,自由民主党,自由民主党,true,前,選挙区支部長,87570,true,100.000,false,106
r08-02-08,茨城県,2,1,false,落,宮内たくみ,宮内匠,みやうち,30,,参政党,参政党,true,新,会社員,16132.910,false,,false,106
r08-02-08,茨城県,2,2,false,落,小沼たくみ,小沼巧,おぬま,40,,中道改革連合,中道改革連合,true,新,株式会社ＯｎｅＤｏ取締役,30482.083,true,40.920,false,106
r08-02-08,茨城県,2,3,true,当,ぬかが福志郎,額賀福志郎,ふくしろう,82,,自由民主党,自由民主党,true,前,選挙区支部長,74491,false,,false,106
r08-02-08,茨城県,2,4,false,落,谷川ゆういち,谷川祐一,たにかわ,50,,国民民主党,国民民主党,true,新,有限会社谷川クリーニング代表取締役,16450,true,22.083,false,106
r08-02-08,茨城県,3,1,false,落,さいとうまい,齋藤真衣,,35,,参政党,参政党,true,新,無職,31880,true,30.882,false,106
r08-02-08,茨城県,3,2,false,落,かじおか博樹,梶岡博樹,ひろき,48,,中道改革連合,中道改革連合,true,新,会社役員,56143,true,54.385,false,107
r08-02-08,茨城県,3,3,true,当,はなし康弘,葉梨康弘,やすひろ,66,,自由民主党,自由民主党,true,前,選挙区支部長,103231,true,100.000,false,107
r08-02-08,茨城県,3,4,false,落,加川ゆうみ,加川裕美,かがわ,61,,れいわ新選組,れいわ新選組,true,新,ＮＰＯ法人職員,10008,false,,false,107
r08-02-08,茨城県,4,1,false,落,吉田つばさ,吉田翔,よしだ,28,,日本共産党,日本共産党,true,新,日本共産党茨城北部地区委員会常任委員,21610,false,,false,107
r08-02-08,茨城県,4,2,true,当,梶山ひろし,梶山弘志,かじやま,70,,自由民主党,自由民主党,true,前,選挙区支部長,106286,true,100.000,false,107
r08-02-08,茨城県,5,1,false,落,鈴木たくみ,鈴木拓海,すずき,46,,自由民主党,自由民主党,true,新,選挙区支部長,46141,true,65.505,false,107
r08-02-08,茨城県,5,2,true,当,浅野さとし,浅野哲,あさの,43,,国民民主党,国民民主党,true,前,政党役員,70438,true,100.000,false,107
r08-02-08,茨城県,6,1,false,落,稲葉ひでき,稲葉英樹,いなば,58,,日本共産党,日本共産党,true,新,政党役員,9902,false,,false,107
r08-02-08,茨城県,6,2,false,落,青山やまと,青山大人,あおやま,47,,（無所属）,無所属,false,前,会社役員,104844,false,,false,107
r08-02-08,茨城県,6,3,false,落,堀越まき,堀越麻紀,ほりこし,53,,参政党,参政党,true,新,無職,23443,true,,true,107
r08-02-08,茨城県,6,4,true,当,国光あやの,佐藤文乃,くにみつ,46,,自由民主党,自由民主党,true,前,選挙区支部長,107388,true,100.000,false,107
r08-02-08,茨城県,6,5,false,落,中村きちお,中村吉男,なかむら,55,,（無所属）,無所属,false,新,自営業,2982,false,,false,107
r08-02-08,茨城県,7,1,false,落,ながおか桂子,永岡桂子,けいこ,72,,自由民主党,自由民主党,true,前,選挙区支部長,76700,true,90.309,false,107
r08-02-08,茨城県,7,2,true,当,中村はやと,中村勇太,なかむら,39,,（無所属）,無所属,false,前,会社役員,84930,false,,false,107
r08-02-08,栃木県,1,1,false,落,大森紀明,,おおもりのりあき,54,,参政党,参政党,true,新,会社役員,29337,true,34.433,false,107
r08-02-08,栃木県,1,2,false,落,青木ひろし,青木弘,あおき,65,,日本共産党,日本共産党,true,新,政党役員,6452,false,,false,107
r08-02-08,栃木県,1,3,true,当,船田はじめ,船田元,ふなだ,72,,自由民主党,自由民主党,true,前,選挙区支部長,85199,true,100.000,false,107
r08-02-08,栃木県,1,4,false,落,小池あつし,小池篤史,こいけ,49,,中道改革連合,中道改革連合,true,新,政党役員,45243,true,53.102,false,107
r08-02-08,栃木県,1,5,false,落,柏倉ゆうじ,柏倉祐司,かしわくら,56,,日本維新の会,日本維新の会,true,元,医師,41233,true,48.396,false,107
r08-02-08,栃木県,1,6,false,落,石川文三郎,,いしかわぶんざぶろう,69,,（無所属）,無所属,false,新,開業医,2821,false,,false,107
r08-02-08,栃木県,2,1,false,落,福田あきお,福田昭夫,ふくだ,77,,中道改革連合,中道改革連合,true,前,政党役員,45129,true,67.678,false,107
r08-02-08,栃木県,2,2,true,当,いがらし清,五十嵐清,きよし,56,,自由民主党,自由民主党,true,前,選挙区支部長,66681,true,100.000,false,107
r08-02-08,栃木県,2,3,false,落,ふじた久美,藤田久美,くみ,47,,参政党,参政党,true,新,自営業,16827,false,,false,107
r08-02-08,栃木県,3,1,true,当,渡辺しんたろう,渡邊真太朗,わたなべ,33,,（無所属）,無所属,false,新,会社員,58483,false,,false,107
r08-02-08,栃木県,3,2,false,落,やな和生,簗和生,かずお,46,,自由民主党,自由民主党,true,前,選挙区支部長,53975,true,92.291,false,107
r08-02-08,栃木県,3,3,false,落,いが央,伊賀央,ひろし,61,,中道改革連合,中道改革連合,true,新,政党役員,20611,true,35.242,false,108
r08-02-08,栃木県,4,1,true,当,石坂まさる,石坂太,いしざか,45,,自由民主党,自由民主党,true,新,会社役員,87743,true,100.000,false,108
r08-02-08,栃木県,4,2,false,落,藤岡たかお,藤岡隆雄,ふじおか,48,,中道改革連合,中道改革連合,true,前,政党役員,74465,true,84.867,false,108
r08-02-08,栃木県,4,3,false,落,野口ともこ,野口智子,のぐち,45,,参政党,参政党,true,新,無職,20768,false,,false,108
r08-02-08,栃木県,4,4,false,落,大貫まなぶ,大貫学,おおぬき,68,,（無所属）,無所属,false,新,農業,3456,false,,false,108
r08-02-08,栃木県,5,1,true,当,茂木としみつ,茂木敏充,もてぎ,70,,自由民主党,自由民主党,true,前,選挙区支部長,110743,true,100.000,false,108
r08-02-08,栃木県,5,2,false,落,寺田たかふみ,寺田和史,てらだ,47,,国民民主党,国民民主党,true,新,演出家,19626,true,17.722,false,108
r08-02-08,栃木県,5,3,false,落,岡村けい子,吉田恵子,おかむらこ,72,,日本共産党,日本共産党,true,新,政党役員,15315,false,,false,108
r08-02-08,栃木県,5,4,false,落,宮本陽介,,みやもとようすけ,38,,参政党,参政党,true,新,無職,16713,false,,false,108
r08-02-08,群馬県,1,1,true,当,中曽根やすたか,中曽根康隆,なかそね,44,,自由民主党,自由民主党,true,前,選挙区支部長,103316,true,100.000,false,108
r08-02-08,群馬県,1,2,false,落,たなはしせつ子,店橋世津子,こ,64,,日本共産党,日本共産党,true,新,政党役員,15962,false,,false,108
r08-02-08,群馬県,1,3,false,落,河村まさたけ,河村正剛,かわむら,52,,中道改革連合,中道改革連合,true,新,政党役員,48324,true,46.773,false,108
r08-02-08,群馬県,2,1,false,落,原かずたか,原和隆,はら,56,,国民民主党,国民民主党,true,新,医療法人役員,22227,true,26.408,false,108
r08-02-08,群馬県,2,2,true,当,いのとしろう,井野俊郎,,46,,自由民主党,自由民主党,true,前,選挙区支部長,84167,true,100.000,false,108
r08-02-08,群馬県,2,3,false,落,石関たかし,石関貴史,いしぜき,53,,（無所属）,無所属,false,元,公益財団法人理事,19435,false,,false,108
r08-02-08,群馬県,2,4,false,落,高橋たもつ,髙橋保,たかはし,68,,日本共産党,日本共産党,true,新,障害児福祉施設職員,10254,false,,false,108
r08-02-08,群馬県,2,5,false,落,伊藤純子,,いとうじゅんこ,57,,日本保守党,日本保守党,true,新,政党支部役員,7471,true,,true,108
r08-02-08,群馬県,2,6,false,落,くまいどそのこ,熊井戸園子,,57,,参政党,参政党,true,新,自営業,16041,false,,false,108
r08-02-08,群馬県,3,1,false,落,長谷川かいち,長谷川嘉一,はせがわ,73,,中道改革連合,中道改革連合,true,前,医療法人理事長,60204,true,62.528,false,108
r08-02-08,群馬県,3,2,true,当,笹川ひろよし,笹川博義,ささがわ,59,,自由民主党,自由民主党,true,前,選挙区支部長,96283,true,100.000,false,108
r08-02-08,群馬県,4,1,false,落,伊藤たつや,伊藤達也,いとう,42,,日本共産党,日本共産党,true,新,政党役員,9556,false,,false,108
r08-02-08,群馬県,4,2,false,落,青木ひとみ,,あおき,44,,参政党,参政党,true,新,看護師,35906,true,42.273,false,108
r08-02-08,群馬県,4,3,true,当,福田達夫,,ふくだたつお,58,,自由民主党,自由民主党,true,前,選挙区支部長,84938,true,100.000,false,108
r08-02-08,群馬県,4,4,false,落,山田ひろき,山田博規,やまだ,67,,中道改革連合,中道改革連合,true,新,医師,28627,true,33.703,false,108
r08-02-08,群馬県,5,1,true,当,おぶち優子,小渕優子,ゆうこ,52,,自由民主党,自由民主党,true,前,選挙区支部長,107356,true,100.000,false,108
r08-02-08,群馬県,5,2,false,落,こぐれともき,木暮智貴,,31,,参政党,参政党,true,新,会社員,49187,false,,false,109
r08-02-08,埼玉県,1,1,true,当,村井ひでき,村井英樹,むらい,45,,自由民主党,自由民主党,true,前,選挙区支部長,121002,true,100.000,false,109
r08-02-08,埼玉県,1,2,false,落,すがまたしろう,菅又士廊,,37,,参政党,参政党,true,新,電気保安業務従事者,21329,false,,false,109
r08-02-08,埼玉県,1,3,false,落,たけまさ公一,武正公一,こういち,64,,中道改革連合,中道改革連合,true,前,政党役員,67980,true,56.180,false,109
r08-02-08,埼玉県,1,4,false,落,羽田一樹,,はねだかずき,37,,（無所属）,無所属,false,新,個人事業主,7115,false,,false,109
r08-02-08,埼玉県,2,1,false,落,かんのしずか,藤本静華,,37,,参政党,参政党,true,新,会社役員,31075,false,,false,109
r08-02-08,埼玉県,2,2,false,落,高橋英明,,たかはしひであき,62,,日本維新の会,日本維新の会,true,前,政治団体役員,28187,true,37.478,false,109
r08-02-08,埼玉県,2,3,true,当,しんどう義孝,新藤義孝,よしたか,68,,自由民主党,自由民主党,true,前,自由民主党埼玉県第２選挙区支部長,75209,true,100.000,false,109
r08-02-08,埼玉県,2,4,false,落,細谷はやと,細谷勇人,ほそや,36,,国民民主党,国民民主党,true,新,政党役員,45521,true,60.526,false,109
r08-02-08,埼玉県,3,1,false,落,中村なおこ,中村尚子,なかむら,60,,参政党,参政党,true,新,無職,27801,false,,false,109
r08-02-08,埼玉県,3,2,true,当,きかわだひとし,黄川田仁志,,55,,自由民主党,自由民主党,true,前,国務大臣,96335,true,100.000,false,109
r08-02-08,埼玉県,3,3,false,落,竹内千春,,たけうちちはる,57,,中道改革連合,中道改革連合,true,前,弁護士,60430,true,62.729,false,109
r08-02-08,埼玉県,4,1,false,落,岸田光広,,きしだみつひろ,58,,国民民主党,国民民主党,true,前,政党役員,56582,true,51.292,false,109
r08-02-08,埼玉県,4,2,false,落,工藤かおる,工藤薫,くどう,76,,日本共産党,日本共産党,true,新,政党職員,25501,false,,false,109
r08-02-08,埼玉県,4,3,true,当,ほさかやすし,穂坂泰,,51,,自由民主党,自由民主党,true,前,選挙区支部長,110312,true,100.000,false,109
r08-02-08,埼玉県,4,4,false,落,伊勢田みちこ,伊勢田享子,いせだ,48,,日本維新の会,日本維新の会,true,新,自営業,16072,true,,true,109
r08-02-08,埼玉県,5,1,false,落,えだの幸男,枝野幸男,ゆきお,61,,中道改革連合,中道改革連合,true,前,政党役員,90795,true,86.606,false,109
r08-02-08,埼玉県,5,2,false,落,飯塚けいすけ,飯塚佳佑,いいづか,30,,参政党,参政党,true,新,会社員,25775,false,,false,109
r08-02-08,埼玉県,5,3,true,当,井原ゆたか,井原隆,いはら,43,,自由民主党,自由民主党,true,新,選挙区支部長,104836,true,100.000,false,109
r08-02-08,埼玉県,6,1,false,落,長島よしこ,長島美子,ながしま,58,,参政党,参政党,true,新,無職,21078,true,,true,109
r08-02-08,埼玉県,6,2,false,落,大島あつし,大島敦,おおしま,69,,中道改革連合,中道改革連合,true,前,学校法人武蔵学園理事長,81509,true,89.522,false,109
r08-02-08,埼玉県,6,3,false,落,つだまさのり,津田賢伯,,50,,日本維新の会,日本維新の会,true,新,自営業,12958,true,,true,109
r08-02-08,埼玉県,6,4,true,当,尾花あきひと,尾花瑛仁,おばな,42,,自由民主党,自由民主党,true,新,会社役員,91049,true,100.000,false,109
r08-02-08,埼玉県,6,5,false,落,秋山もえ,秋山もえ,あきやま,49,,日本共産党,日本共産党,true,新,政党役員,15561,false,,false,109
r08-02-08,埼玉県,7,1,false,落,こみやま泰子,小宮山泰子,やすこ,60,,中道改革連合,中道改革連合,true,前,政治団体役員,80433,true,74.842,false,109
r08-02-08,埼玉県,7,2,true,当,中野ひでゆき,中野英幸,なかの,64,,自由民主党,自由民主党,true,前,自由民主党埼玉県第７選挙区支部長,107470,true,100.000,false,110
r08-02-08,埼玉県,8,1,false,落,いちき伴子,市來伴子,ともこ,48,,中道改革連合,中道改革連合,true,前,政党役員,67825,true,57.222,false,110
r08-02-08,埼玉県,8,2,true,当,しばやま昌彦,柴山昌彦,まさひこ,60,,自由民主党,自由民主党,true,前,選挙区支部長,118529,true,100.000,false,110
r08-02-08,埼玉県,8,3,false,落,岡田しずか,岡田静佳,おかだ,52,,（無所属）,無所属,false,新,無職,39928,false,,false,110
r08-02-08,埼玉県,9,1,false,落,すぎむら慎治,杉村慎治,しんじ,49,,中道改革連合,中道改革連合,true,前,政党役員,91805,true,81.923,false,110
r08-02-08,埼玉県,9,2,true,当,大塚拓,,おおつかたく,52,,自由民主党,自由民主党,true,元,選挙区支部長,112062,true,100.000,false,110
r08-02-08,埼玉県,10,1,false,落,坂本ゆうのすけ,坂本祐之輔,さかもと,71,,中道改革連合,中道改革連合,true,前,会社役員,77485,true,80.842,false,110
r08-02-08,埼玉県,10,2,true,当,山口すすむ,山口晋,やまぐち,42,,自由民主党,自由民主党,true,元,自由民主党埼玉県第１０選挙区支部支部長,95847,true,100.000,false,110
r08-02-08,埼玉県,11,1,true,当,小泉りゅうじ,小泉龍司,こいずみ,73,,自由民主党,自由民主党,true,前,選挙区支部長,88744,false,,false,110
r08-02-08,埼玉県,11,2,false,落,島田まこと,島田誠,しまだ,67,,中道改革連合,中道改革連合,true,新,行政書士,32508,true,36.631,false,110
r08-02-08,埼玉県,11,3,false,落,かいたかし,甲斐隆,,54,,参政党,参政党,true,新,自営業,16744,false,,false,110
r08-02-08,埼玉県,11,4,false,落,柿沼はるき,柿沼遥輝,かきぬま,42,,日本共産党,日本共産党,true,新,日本共産党埼玉北部地区委員会副委員長,9156,false,,false,110
r08-02-08,埼玉県,11,5,false,落,ふせたかひと,布施卓人,,48,,国民民主党,国民民主党,true,新,会社経営,19174,true,21.605,false,110
r08-02-08,埼玉県,12,1,false,落,森田としかず,森田俊和,もりた,51,,中道改革連合,中道改革連合,true,前,会社役員,81103,true,79.216,false,110
r08-02-08,埼玉県,12,2,true,当,野中あつし,野中厚,のなか,49,,自由民主党,自由民主党,true,前,選挙区支部長,102382,true,100.000,false,110
r08-02-08,埼玉県,13,1,true,当,三ッ林ひろみ,三ッ林裕己,みつばやし,70,,自由民主党,自由民主党,true,元,医師,75992,true,100.000,false,110
r08-02-08,埼玉県,13,2,false,落,杉山しずお,杉山鎮夫,すぎやま,43,,参政党,参政党,true,新,無職,17675,false,,false,110
r08-02-08,埼玉県,13,3,false,落,橋本みきひこ,橋本幹彦,はしもと,30,,国民民主党,国民民主党,true,前,政党役員,69464,true,91.409,false,110
r08-02-08,埼玉県,13,4,false,落,沢口ちえ子,沢口千枝子,さわぐちこ,75,,日本共産党,日本共産党,true,新,政党役員,13305,false,,false,110
r08-02-08,埼玉県,13,5,false,落,高井たかし,高井崇志,たかい,56,,れいわ新選組,れいわ新選組,true,前,政党役員,16713,true,,true,110
r08-02-08,埼玉県,14,1,false,落,なえむら京子,苗村京子,きょうこ,67,,日本共産党,日本共産党,true,新,政党役員,18732,false,,false,110
r08-02-08,埼玉県,14,2,false,落,あめみやゆうこ,雨宮裕子,,55,,参政党,参政党,true,新,無職,23824,false,,false,110
r08-02-08,埼玉県,14,3,true,当,藤田まこと,藤田誠,ふじた,52,,自由民主党,自由民主党,true,新,会社役員,77481,true,100.000,false,110
r08-02-08,埼玉県,14,4,false,落,鈴木よしひろ,鈴木義弘,すずき,63,,国民民主党,国民民主党,true,前,会社役員,70386,true,90.842,false,110
r08-02-08,埼玉県,15,1,true,当,田中良生,,たなかりょうせい,62,,自由民主党,自由民主党,true,前,選挙区支部長,114320,true,100.000,false,111
r08-02-08,埼玉県,15,2,false,落,藤川ひろあき,藤川広明,ふじかわ,53,,（日本大和党）,日本大和党,false,新,会社員,15213,false,,false,111
r08-02-08,埼玉県,15,3,false,落,南原たつき,南原竜樹,なんばら,65,,日本維新の会,日本維新の会,true,新,会社経営,31994,true,27.986,false,111
r08-02-08,埼玉県,15,4,false,落,おやまだ経子,小山田経子,つねこ,47,,中道改革連合,中道改革連合,true,新,政党役員,57005,true,49.864,false,111
r08-02-08,埼玉県,16,1,true,当,つちや品子,土屋品子,しなこ,73,,自由民主党,自由民主党,true,前,自営業,98187,false,,false,111
r08-02-08,埼玉県,16,2,false,落,ながほり健,永堀健,けん,58,,日本共産党,日本共産党,true,新,政党役員,13579,false,,false,111
r08-02-08,埼玉県,16,3,false,落,三角そうた,三角創太,みすみ,38,,中道改革連合,中道改革連合,true,前,公認会計士,64152,true,65.336,false,111
r08-02-08,千葉県,1,1,false,落,上田あつひろ,上田敦広,うえだ,42,,参政党,参政党,true,新,ケアマネージャー,33443,false,,false,111
r08-02-08,千葉県,1,2,true,当,門山ひろあき,門山宏哲,かどやま,61,,自由民主党,自由民主党,true,元,弁護士,109771,true,100.000,false,111
r08-02-08,千葉県,1,3,false,落,たじま要,田嶋要,かなめ,64,,中道改革連合,中道改革連合,true,前,政党役員,91149,true,83.035,false,111
r08-02-08,千葉県,2,1,true,当,小林たかゆき,小林鷹之,こばやし,51,,自由民主党,自由民主党,true,前,政党選挙区支部長,107933,true,100.000,false,111
r08-02-08,千葉県,2,2,false,落,白石ちよ,,しらいし,49,,日本共産党,日本共産党,true,新,日本共産党千葉県中部地区委員会副委員長,14761,false,,false,111
r08-02-08,千葉県,2,3,false,落,佐とう由美,佐藤由美,さゆみ,54,,中道改革連合,中道改革連合,true,新,政党職員,37293,true,34.551,false,111
r08-02-08,千葉県,3,1,false,落,渡部くみこ,渡部公美子,わたなべ,42,,日本共産党,日本共産党,true,新,会社員,8591,false,,false,111
r08-02-08,千葉県,3,2,false,落,山本まさゆき,山本政幸,やまもと,40,,参政党,参政党,true,新,美容師,22750,false,,false,111
r08-02-08,千葉県,3,3,true,当,松野ひろかず,松野博一,まつの,63,,自由民主党,自由民主党,true,前,自由民主党千葉県第３選挙区支部長,86687,true,100.000,false,111
r08-02-08,千葉県,3,4,false,落,岡島かずまさ,岡島一正,おかじま,68,,中道改革連合,中道改革連合,true,前,政党役員,48689,true,56.166,false,111
r08-02-08,千葉県,4,1,false,落,玉ほりりえ,玉堀里衣,たま,38,,日本共産党,日本共産党,true,新,日本共産党船橋市議団書記局員,11807,false,,false,111
r08-02-08,千葉県,4,2,true,当,鹿嶋ゆうすけ,鹿嶋祐介,かしま,45,,自由民主党,自由民主党,true,新,選挙区支部長,106236,true,100.000,false,111
r08-02-08,千葉県,4,3,false,落,水沼ひでゆき,水沼秀幸,みずぬま,35,,中道改革連合,中道改革連合,true,前,政党役員,71698,true,67.489,false,111
r08-02-08,千葉県,4,4,false,落,くどう聖子,工藤聖子,せいこ,46,,参政党,参政党,true,新,代替医療会社代表,24827,true,23.369,false,111
r08-02-08,千葉県,4,5,false,落,高橋ひろし,髙橋宏,たかはし,49,,減税日本・ゆうこく連合,減税日本・ゆうこく連合,true,新,合同会社パラソル代表社員,5891,true,,true,111
r08-02-08,千葉県,5,1,false,落,小林しゅうへい,小林修平,こばやし,35,,チームみらい,チームみらい,true,新,Ｗｅｂエンジニア,25408,true,29.866,false,111
r08-02-08,千葉県,5,2,true,当,えりアルフィヤ,英利アリフェヤー,,37,,自由民主党,自由民主党,true,前,自由民主党千葉県第五選挙区支部長,85073,true,100.000,false,111
r08-02-08,千葉県,5,3,false,落,みやじ純一,宮路純一,じゅんいち,36,,参政党,参政党,true,新,衆議院議員秘書,21386,false,,false,111
r08-02-08,千葉県,5,4,false,落,矢崎けんたろう,矢﨑堅太郎,やざき,58,,中道改革連合,中道改革連合,true,前,会社役員,47990,true,56.410,false,111
r08-02-08,千葉県,5,5,false,落,岡野純子,,おかのじゅんこ,47,,国民民主党,国民民主党,true,前,政党役員,53532,true,62.924,false,112
r08-02-08,千葉県,6,1,false,落,武藤ゆうだい,武藤雄大,むとう,33,,国民民主党,国民民主党,true,新,会社員,41081,true,45.817,false,112
r08-02-08,千葉県,6,2,false,落,出羽みき子,出羽幹子,でわこ,59,,参政党,参政党,true,新,団体職員,21693,false,,false,112
r08-02-08,千葉県,6,3,false,落,安藤じゅん子,粕谷淳子,あんどうこ,49,,中道改革連合,中道改革連合,true,前,政党役員,58435,true,65.172,false,112
r08-02-08,千葉県,6,4,false,落,浦野真,,うらのしん,36,,日本共産党,日本共産党,true,新,政党職員,10734,false,,false,112
r08-02-08,千葉県,6,5,true,当,渡辺ひろみち,渡邉博道,わたなべ,75,,自由民主党,自由民主党,true,元,選挙区支部長,89662,false,,false,112
r08-02-08,千葉県,7,1,true,当,さいとう健,齋藤健,けん,66,,自由民主党,自由民主党,true,前,自由民主党千葉県第７選挙区支部長,100339,true,100.000,false,112
r08-02-08,千葉県,7,2,false,落,林田あきひろ,林田章裕,はやしだ,49,,国民民主党,国民民主党,true,新,会社員,40301,true,40.164,false,112
r08-02-08,千葉県,7,3,false,落,川田龍平,,かわだりゅうへい,50,,減税日本・ゆうこく連合,減税日本・ゆうこく連合,true,新,一般社団法人代表理事,16146,true,16.091,false,112
r08-02-08,千葉県,8,1,false,落,宮本ひろゆき,宮本寛之,みやもと,41,,参政党,参政党,true,新,会社員,21138,true,22.185,false,112
r08-02-08,千葉県,8,2,false,落,石塚さだみち,石塚貞通,いしづか,58,,日本維新の会,日本維新の会,true,新,司法書士,15021,true,,true,112
r08-02-08,千葉県,8,3,true,当,松本いずみ,松本泉,まつもと,44,,自由民主党,自由民主党,true,新,弁護士,95279,true,100.000,false,112
r08-02-08,千葉県,8,4,false,落,本庄さとし,本庄知史,ほんじょう,51,,中道改革連合,中道改革連合,true,前,政党役員,62784,true,65.894,false,112
r08-02-08,千葉県,9,1,true,当,たみやひさと,田宮寿人,,36,,自由民主党,自由民主党,true,新,自由民主党千葉県第９選挙区支部長,89146,true,100.000,false,112
r08-02-08,千葉県,9,2,false,落,おくの総一郎,奥野總一郎,そういちろう,61,,中道改革連合,中道改革連合,true,前,政党役員,69444,true,77.899,false,112
r08-02-08,千葉県,9,3,false,落,前田ゆうすけ,前田裕介,まえだ,51,,参政党,参政党,true,新,ＩＴエンジニア,21058,false,,false,112
r08-02-08,千葉県,9,4,false,落,田沼たかし,田沼隆志,たぬま,50,,日本維新の会,日本維新の会,true,元,政治団体職員,22000,true,24.678,false,112
r08-02-08,千葉県,10,1,false,落,田村りえ,田村理江,たむら,35,,日本共産党,日本共産党,true,新,政党専従職員,9801,false,,false,112
r08-02-08,千葉県,10,2,false,落,谷田川はじめ,谷田川元,やたがわ,63,,中道改革連合,中道改革連合,true,前,政党役員,50956,true,53.436,false,112
r08-02-08,千葉県,10,3,true,当,小池まさあき,小池正昭,こいけ,59,,自由民主党,自由民主党,true,前,選挙区支部長,95358,true,100.000,false,112
r08-02-08,千葉県,11,1,false,落,椎名史明,,しいなふみあき,68,,日本共産党,日本共産党,true,新,政党役員,13783,false,,false,112
r08-02-08,千葉県,11,2,true,当,森英介,,もりえいすけ,77,,自由民主党,自由民主党,true,前,選挙区支部長,102843,false,,false,112
r08-02-08,千葉県,11,3,false,落,たがや亮,多ケ谷亮,りょう,57,,中道改革連合,中道改革連合,true,前,飲食店再生業,50561,true,49.163,false,112
r08-02-08,千葉県,12,1,false,落,くずはら茂,葛原茂,しげる,74,,日本共産党,日本共産党,true,新,政党役員,17601,false,,false,112
r08-02-08,千葉県,12,2,true,当,浜田やすかず,濱田靖一,はまだ,70,,自由民主党,自由民主党,true,前,選挙区支部長,129997,true,100.000,false,112
r08-02-08,千葉県,12,3,false,落,大すきゆうや,大薄裕也,おお,37,,（無所属）,無所属,false,新,交通事故の被害者救済を専門とする千葉志法律事務所の代表弁護士,34270,false,,false,113
r08-02-08,千葉県,13,1,false,落,みやかわ伸,宮川伸,しん,55,,中道改革連合,中道改革連合,true,前,政党役員,72234,true,59.307,false,113
r08-02-08,千葉県,13,2,true,当,松本ひさし,松本尚,まつもと,63,,自由民主党,自由民主党,true,前,日本医科大学特任教授,121796,true,100.000,false,113
r08-02-08,千葉県,13,3,false,落,なかやめぐ,中谷めぐみ,,44,,参政党,参政党,true,新,ネイル・着付け個人サロン経営,32098,true,26.353,false,113
r08-02-08,千葉県,14,1,false,落,なかむら愛,中村愛,あい,42,,参政党,参政党,true,新,飲食店従業員,25597,false,,false,113
r08-02-08,千葉県,14,2,true,当,野田よしひこ,野田佳彦,のだ,68,,中道改革連合,中道改革連合,true,前,政党役員,99324,false,,false,113
r08-02-08,千葉県,14,3,false,落,やかまケンタ,八鎌健太,,30,,日本共産党,日本共産党,true,新,党千葉県西部地区委員会勤務員,9831,false,,false,113
r08-02-08,千葉県,14,4,false,落,ながの春信,長野春信,はるのぶ,53,,自由民主党,自由民主党,true,新,支部長,86061,true,86.646,false,113
r08-02-08,東京都,1,1,true,当,山田みき,山田美樹,やまだ,51,,自由民主党,自由民主党,true,元,選挙区支部長,82622,true,100.000,false,113
r08-02-08,東京都,1,2,false,落,海江田万里,,かいえだばんり,76,,中道改革連合,中道改革連合,true,前,政党役員,48830,true,59.100,false,113
r08-02-08,東京都,1,3,false,落,吉川りな,吉川里奈,よしかわ,38,,参政党,参政党,true,前,無職,25232,true,30.539,false,113
r08-02-08,東京都,1,4,false,落,春山あすか,春山明日香,はるやま,51,,日本維新の会,日本維新の会,true,新,会社役員,20187,true,24.432,false,113
r08-02-08,東京都,1,5,false,落,黒田あさひ,黒田朝陽,くろだ,29,,日本共産党,日本共産党,true,新,政党職員,15295,false,,false,113
r08-02-08,東京都,2,1,false,落,天野こころ,,あまの,36,,（再生の道）,再生の道,false,新,会社員,4162,false,,false,113
r08-02-08,東京都,2,2,false,落,海江田ゆうすけ,海江田悠輔,かいえだ,46,,参政党,参政党,true,新,会社経営,13844,false,,false,113
r08-02-08,東京都,2,3,false,落,鳩山紀一郎,,はとやまきいちろう,49,,国民民主党,国民民主党,true,前,政党役員,36021,true,42.532,false,113
r08-02-08,東京都,2,4,false,落,ほその真理,細野真理,まり,44,,日本共産党,日本共産党,true,新,政党職員,15358,false,,false,113
r08-02-08,東京都,2,5,false,落,土橋あきひろ,土橋章宏,どばし,56,,チームみらい,チームみらい,true,新,脚本家,25018,true,29.540,false,113
r08-02-08,東京都,2,6,true,当,辻󠄂清人,,つじきよと,46,,自由民主党,自由民主党,true,前,内閣府副大臣,84690,true,100.000,false,113
r08-02-08,東京都,2,7,false,落,今村充,,いまむらみつる,50,,日本維新の会,日本維新の会,true,新,医師,16609,true,,true,113
r08-02-08,東京都,3,1,false,落,石﨑とおる,石﨑徹,いしざき,42,,日本維新の会,日本維新の会,true,元,会社役員,19403,true,,true,113
r08-02-08,東京都,3,2,false,落,石田しんご,石田慎吾,いしだ,46,,国民民主党,国民民主党,true,新,会社役員,34805,true,37.361,false,113
r08-02-08,東京都,3,3,false,落,あべ祐美子,阿部祐美子,ゆみこ,61,,中道改革連合,中道改革連合,true,前,政党役員,53584,true,57.519,false,113
r08-02-08,東京都,3,4,false,落,植木ひろたか,植木洋貴,うえき,43,,参政党,参政党,true,新,会社員,17544.450,true,,true,113
r08-02-08,東京都,3,5,true,当,石原ひろたか,石原宏高,いしはら,61,,自由民主党,自由民主党,true,前,環境大臣,93158.548,true,100.000,false,113
r08-02-08,東京都,4,1,false,落,井戸まさえ,井戸正枝,いど,60,,国民民主党,国民民主党,true,元,ジャーナリスト,55610,true,48.757,false,113
r08-02-08,東京都,4,2,false,落,しまえつこ,嶋悦子,,45,,参政党,参政党,true,新,看護師,31577,false,,false,114
r08-02-08,東京都,4,3,true,当,平将明,,たいらまさあき,58,,自由民主党,自由民主党,true,前,選挙区支部長,114054,true,100.000,false,114
r08-02-08,東京都,4,4,false,落,谷川智行,,たにがわともゆき,54,,日本共産党,日本共産党,true,新,医師,29667,true,26.011,false,114
r08-02-08,東京都,5,1,false,落,いなば太郎,稲葉太郎,たろう,41,,日本維新の会,日本維新の会,true,新,会社役員,27889,true,31.308,false,114
r08-02-08,東京都,5,2,false,落,くわずるゆき子,桒水流弓紀子,こ,38,,国民民主党,国民民主党,true,新,政党役員,33140,true,37.203,false,114
r08-02-08,東京都,5,3,false,落,手塚よしお,手塚仁雄,てづか,59,,中道改革連合,中道改革連合,true,前,政党役員,58164,true,65.295,false,114
r08-02-08,東京都,5,4,true,当,若宮けんじ,若宮健嗣,わかみや,64,,自由民主党,自由民主党,true,元,選挙区支部長,89078,true,100.000,false,114
r08-02-08,東京都,5,5,false,落,松岡としこ,松岡登志子,まつおか,56,,参政党,参政党,true,新,医療コンサル会社代表取締役,19809,false,,false,114
r08-02-08,東京都,6,1,false,落,落合貴之,,おちあいたかゆき,46,,中道改革連合,中道改革連合,true,前,政党役員,79262,true,87.993,false,114
r08-02-08,東京都,6,2,false,落,丸山かつき,丸山勝己,まるやま,58,,国民民主党,国民民主党,true,新,会社員,43524,true,48.318,false,114
r08-02-08,東京都,6,3,false,落,島村なおき,島村直輝,しまむら,46,,参政党,参政党,true,新,自営業,23362,false,,false,114
r08-02-08,東京都,6,4,true,当,あぜもとしょうご,畦元将吾,,67,,自由民主党,自由民主党,true,元,選挙区支部長,90077,true,100.000,false,114
r08-02-08,東京都,6,5,false,落,福村康廣󠄅,,ふくむらやすひろ,69,,（世界平和党）,世界平和党,false,新,政治団体党首,2424,false,,false,114
r08-02-08,東京都,7,1,false,落,みねしま侑也,峰島侑也,ゆうや,35,,チームみらい,チームみらい,true,新,政務調査会長,43335,true,53.885,false,114
r08-02-08,東京都,7,2,true,当,丸川珠代,大塚珠代,まるかわたまよ,55,,自由民主党,自由民主党,true,新,選挙区支部長,80421,true,100.000,false,114
r08-02-08,東京都,7,3,false,落,渡辺やすゆき,渡邉泰之,わたなべ,53,,日本維新の会,日本維新の会,true,新,行政書士,19637,true,,true,114
r08-02-08,東京都,7,4,false,落,松尾あきひろ,松尾明弘,まつお,51,,中道改革連合,中道改革連合,true,前,弁護士,52576,true,65.375,false,114
r08-02-08,東京都,7,5,false,落,石川ゆりか,石川友梨香,いしかわ,29,,参政党,参政党,true,新,美容師,16337,false,,false,114
r08-02-08,東京都,7,6,false,落,入江のぶこ,入江伸子,いりえ,63,,国民民主党,国民民主党,true,新,会社役員,21018,true,,true,114
r08-02-08,東京都,8,1,false,落,森田一成,,もりたいっせい,46,,国民民主党,国民民主党,true,新,会社員,26989,true,24.985,false,114
r08-02-08,東京都,8,2,true,当,門ひろこ,中島寛子,かど,45,,自由民主党,自由民主党,true,新,選挙区支部長,108020,true,100.000,false,114
r08-02-08,東京都,8,3,false,落,永井ばく,永井漠,ながい,38,,参政党,参政党,true,新,会社員,10642,false,,false,114
r08-02-08,東京都,8,4,false,落,吉田はるみ,吉田晴美,よしだ,54,,中道改革連合,中道改革連合,true,前,政党役員,77620,true,71.857,false,114
r08-02-08,東京都,8,5,false,落,海保とくま,海保杜久麻,かいほ,31,,れいわ新選組,れいわ新選組,true,新,政党職員,11419,false,,false,114
r08-02-08,東京都,8,6,false,落,大谷しろう,大谷司郎,おおたに,62,,日本保守党,日本保守党,true,新,会社代表,8110,true,,true,114
r08-02-08,東京都,8,7,false,落,藤原ゆきひろ,藤原幸弘,ふじわら,92,,（無所属）,無所属,false,新,個人事業主,1111,false,,false,114
r08-02-08,東京都,9,1,false,落,鈴木ふみや,鈴木文哉,すずき,33,,参政党,参政党,true,新,自営業,15638,false,,false,114
r08-02-08,東京都,9,2,false,落,薬師寺みちよ,藥師寺道代,やくしじ,61,,国民民主党,国民民主党,true,新,医師,32670,true,41.392,false,115
r08-02-08,東京都,9,3,true,当,すがわら一秀,菅原一秀,いっしゅう,64,,自由民主党,自由民主党,true,元,選挙区支部長,78927,true,100.000,false,115
r08-02-08,東京都,9,4,false,落,山岸一生,山岸一生,やまぎしいっせい,44,,中道改革連合,中道改革連合,true,前,政党役員,56175,true,71.173,false,115
r08-02-08,東京都,10,1,true,当,鈴木隼人,,すずきはやと,48,,自由民主党,自由民主党,true,前,内閣府副大臣,126044.286,true,100.000,false,115
r08-02-08,東京都,10,2,false,落,梶原みずほ,,かじわら,53,,国民民主党,国民民主党,true,新,国際政治学者,43006,true,34.119,false,115
r08-02-08,東京都,10,3,false,落,小山徹,,こやまとおる,50,,（一番星）,一番星,false,新,政治団体代表,2686,false,,false,115
r08-02-08,東京都,10,4,false,落,鈴木ようすけ,鈴木庸介,すずき,50,,中道改革連合,中道改革連合,true,前,政党役員,67575.712,true,53.612,false,115
r08-02-08,東京都,10,5,false,落,安田しん,安田伸,やすだ,55,,参政党,参政党,true,新,自営業,17646,false,,false,115
r08-02-08,東京都,11,1,false,落,大豆生田みのる,大豆生田実,おおまみうだ,60,,日本維新の会,日本維新の会,true,新,会社役員,26207,true,37.938,false,115
r08-02-08,東京都,11,2,false,落,松方えみ,松方恵美,まつかた,52,,参政党,参政党,true,新,スタイリスト,19149,false,,false,115
r08-02-08,東京都,11,3,false,落,あくつ幸彦,阿久津幸彦,ゆきひこ,69,,中道改革連合,中道改革連合,true,前,政党役員,53001,true,76.727,false,115
r08-02-08,東京都,11,4,false,落,桑島康文,,くわじまやすふみ,64,,（核融合党）,核融合党,false,新,医師,916,false,,false,115
r08-02-08,東京都,11,5,false,落,高沢かずもと,高澤一基,たかざわ,51,,国民民主党,国民民主党,true,新,国民民主党東京都議団政務調査会事務局長,38445,true,55.655,false,115
r08-02-08,東京都,11,6,true,当,下村博文,,しもむらはくぶん,71,,自由民主党,自由民主党,true,元,選挙区支部長,69077,true,100.000,false,115
r08-02-08,東京都,11,7,false,落,横手カイト,横手海人,よこて,29,,日本共産党,日本共産党,true,新,団体職員,12590,false,,false,115
r08-02-08,東京都,12,1,false,落,阿部司,,あべつかさ,43,,日本維新の会,日本維新の会,true,前,政治団体役員,33100,true,42.018,false,115
r08-02-08,東京都,12,2,false,落,くすみ勇樹,久住勇樹,ゆうき,42,,国民民主党,国民民主党,true,新,会社役員,30913,true,39.242,false,115
r08-02-08,東京都,12,3,false,落,黒石ゆうこ,黒石裕子,くろいし,34,,参政党,参政党,true,新,会社員,17320,false,,false,115
r08-02-08,東京都,12,4,false,落,田原聖子,,たはらせいこ,56,,日本共産党,日本共産党,true,新,団体職員,20616,false,,false,115
r08-02-08,東京都,12,5,true,当,高木けい,髙木啓,たかぎ,60,,自由民主党,自由民主党,true,前,選挙区支部長,78774,true,100.000,false,115
r08-02-08,東京都,12,6,false,落,中原しょうた,中原翔太,なかはら,33,,中道改革連合,中道改革連合,true,新,政党役員,44134,true,56.026,false,115
r08-02-08,東京都,13,1,false,落,加地としこ,加地敏子,かじ,50,,参政党,参政党,true,新,無職,19021,false,,false,115
r08-02-08,東京都,13,2,true,当,土田しん,土田慎,つちだ,35,,自由民主党,自由民主党,true,前,選挙区支部長,94680,true,100.000,false,115
r08-02-08,東京都,13,3,false,落,沢田しんご,沢田真吾,さわだ,40,,日本共産党,日本共産党,true,新,政党職員,23371,false,,false,115
r08-02-08,東京都,13,4,false,落,森ようすけ,森洋介,もり,31,,国民民主党,国民民主党,true,前,政党役員,66140,true,69.856,false,115
r08-02-08,東京都,14,1,false,落,ちょうなん貴則,長南貴則,たかのり,40,,国民民主党,国民民主党,true,新,政党役員,49312,true,44.873,false,115
r08-02-08,東京都,14,2,false,落,たんひさし,丹悠,,45,,参政党,参政党,true,新,自営業,19925,false,,false,115
r08-02-08,東京都,14,3,false,落,はらつとむ,原努,,44,,日本共産党,日本共産党,true,新,政党役員,19007,false,,false,116
r08-02-08,東京都,14,4,true,当,松島みどり,馬場みどり,まつしま,69,,自由民主党,自由民主党,true,前,内閣総理大臣補佐官,109892,true,100.000,false,116
r08-02-08,東京都,14,5,false,落,くしぶち万里,櫛渕万里,まり,58,,れいわ新選組,れいわ新選組,true,前,政党役員,20647,true,,true,116
r08-02-08,東京都,15,1,false,落,酒井なつみ,酒井菜摘,さかい,39,,中道改革連合,中道改革連合,true,前,政党役員,70911,true,64.765,false,116
r08-02-08,東京都,15,2,false,落,鈴木かな,鈴木佳奈,すずき,46,,参政党,参政党,true,新,医療クリニック職員,14770,false,,false,116
r08-02-08,東京都,15,3,false,落,三次ゆりか,音喜多由梨香,みつぎ,40,,日本維新の会,日本維新の会,true,新,政治団体役員,26546,true,24.245,false,116
r08-02-08,東京都,15,4,false,落,深見さあや,深見紗采,ふかみ,32,,国民民主党,国民民主党,true,新,会社役員,28674,true,26.188,false,116
r08-02-08,東京都,15,5,true,当,大空こうき,大空幸星,おおぞら,27,,自由民主党,自由民主党,true,前,選挙区支部長,109489,true,100.000,false,116
r08-02-08,東京都,15,6,false,落,吉野としあき,吉野敏明,よしの,58,,減税日本・ゆうこく連合,減税日本・ゆうこく連合,true,新,歯科医師,7296,true,,true,116
r08-02-08,東京都,16,1,false,落,竹内知子,,たけうちともこ,45,,国民民主党,国民民主党,true,新,会社員,42380,true,45.639,false,116
r08-02-08,東京都,16,2,false,落,村上たけし,村上剛,むらかみ,44,,参政党,参政党,true,新,小学校教諭,21320,false,,false,116
r08-02-08,東京都,16,3,false,落,柴田かつゆき,柴田勝之,しばた,57,,中道改革連合,中道改革連合,true,前,弁護士,51527,true,55.490,false,116
r08-02-08,東京都,16,4,true,当,大西洋平,,おおにしようへい,48,,自由民主党,自由民主党,true,前,外務大臣政務官,92858,true,100.000,false,116
r08-02-08,東京都,17,1,false,落,反田まり,反田麻理,そりた,45,,中道改革連合,中道改革連合,true,新,政党役員,44594,true,60.892,false,116
r08-02-08,東京都,17,2,true,当,平沢勝栄,,ひらさわかつえい,80,,自由民主党,自由民主党,true,前,選挙区支部長,73234,false,,false,116
r08-02-08,東京都,17,3,false,落,長谷川たかこ,湯川貴子,はせがわ,52,,国民民主党,国民民主党,true,新,政党役員,28282,true,38.618,false,116
r08-02-08,東京都,17,4,false,落,円より子,山﨑順子,まどかこ,78,,（無所属）,無所属,false,前,ジャーナリスト,7328,false,,false,116
r08-02-08,東京都,17,5,false,落,杉浦しんいちろう,杉浦慎一郎,すぎうら,29,,参政党,参政党,true,新,会社員,19291,false,,false,116
r08-02-08,東京都,17,6,false,落,鈴木しんじ,鈴木眞志,すずき,54,,（未来進歩党）,未来進歩党,false,新,政党役員,2068,false,,false,116
r08-02-08,東京都,17,7,false,落,いのくち幸子,猪口幸子,さちこ,69,,日本維新の会,日本維新の会,true,前,医師,27630,true,37.728,false,116
r08-02-08,東京都,18,1,false,落,徳永ゆきこ,徳永由紀子,とくなが,48,,参政党,参政党,true,新,訪問看護師,17121,true,,true,116
r08-02-08,東京都,18,2,false,落,松下玲子,内田玲子,まつしたれいこ,55,,中道改革連合,中道改革連合,true,前,政党役員,69722,true,59.397,false,116
r08-02-08,東京都,18,3,true,当,福田かおる,北口かおる,ふくだ,40,,自由民主党,自由民主党,true,前,文部科学大臣政務官,117383,true,100.000,false,116
r08-02-08,東京都,18,4,false,落,吉田あや,𠮷田綾,よしだ,40,,（再生の道）,再生の道,false,新,無職,8330,false,,false,116
r08-02-08,東京都,18,5,false,落,鈴木ゆうま,鈴木佑馬,すずき,39,,国民民主党,国民民主党,true,新,政党役員,33497,true,28.536,false,116
r08-02-08,東京都,19,1,false,落,すわれいこ,諏訪玲子,,42,,国民民主党,国民民主党,true,新,社会教育士,28452,true,30.365,false,116
r08-02-08,東京都,19,2,false,落,末松義規,,すえまつよしのり,69,,中道改革連合,中道改革連合,true,前,政党役員,54345,true,58.000,false,116
r08-02-08,東京都,19,3,true,当,松本洋平,,まつもとようへい,52,,自由民主党,自由民主党,true,前,文部科学大臣,93697,true,100.000,false,117
r08-02-08,東京都,19,4,false,落,一ノ瀬ようこ,一ノ瀬陽子,いちせ,46,,参政党,参政党,true,新,会社経営,13463,false,,false,117
r08-02-08,東京都,19,5,false,落,いでしげ美津子,松井美津子,みつこ,62,,日本共産党,日本共産党,true,新,政党役員,14350,false,,false,117
r08-02-08,東京都,20,1,true,当,木原誠二,,きはらせいじ,55,,自由民主党,自由民主党,true,前,選挙区支部長,108985,true,100.000,false,117
r08-02-08,東京都,20,2,false,落,大西けんたろう,大西健太郎,おおにし,47,,国民民主党,国民民主党,true,新,政党役員,46910,true,43.042,false,117
r08-02-08,東京都,20,3,false,落,宮本徹,染矢徹,みやもととおる,54,,日本共産党,日本共産党,true,元,政党職員,45031,true,41.318,false,117
r08-02-08,東京都,20,4,false,落,掛山しげき,掛山茂希,かけやま,38,,参政党,参政党,true,新,個人投資家,23544,false,,false,117
r08-02-08,東京都,21,1,false,落,黒田太郎,,くろだたろう,59,,国民民主党,国民民主党,true,新,政党役員,37086,true,38.039,false,117
r08-02-08,東京都,21,2,false,落,鈴木烈,,すずきれつ,52,,中道改革連合,中道改革連合,true,新,政党役員,65713,true,67.402,false,117
r08-02-08,東京都,21,3,false,落,ほしの奈美,星野奈美,なみ,51,,参政党,参政党,true,新,コピーライター,22373,false,,false,117
r08-02-08,東京都,21,4,true,当,小田原きよし,小田原潔,おだわら,61,,自由民主党,自由民主党,true,元,選挙区支部長,97494,true,100.000,false,117
r08-02-08,東京都,21,5,false,落,やた一久,矢田一久,かずひさ,35,,減税日本・ゆうこく連合,減税日本・ゆうこく連合,true,新,ＩＴ企業経営,6154,true,,true,117
r08-02-08,東京都,22,1,false,落,山花郁夫,,やまはないくお,59,,中道改革連合,中道改革連合,true,前,政党役員,87494,true,65.939,false,117
r08-02-08,東京都,22,2,true,当,伊藤達也,,いとうたつや,64,,自由民主党,自由民主党,true,前,選挙区支部長,132689,true,100.000,false,117
r08-02-08,東京都,22,3,false,落,鈴木みか,鈴木美香,すずき,61,,参政党,参政党,true,新,無職,37697,true,28.410,false,117
r08-02-08,東京都,23,1,true,当,川松真一朗,,かわまつしんいちろう,45,,自由民主党,自由民主党,true,新,選挙区支部長,92171,true,100.000,false,117
r08-02-08,東京都,23,2,false,落,伊藤しゅんすけ,伊藤俊輔,いとう,46,,中道改革連合,中道改革連合,true,前,政党役員,69908,true,75.845,false,117
r08-02-08,東京都,23,3,false,落,池川友一,,いけがわゆういち,40,,日本共産党,日本共産党,true,新,政党職員,19111,false,,false,117
r08-02-08,東京都,23,4,false,落,舟見ゆうき,舟見裕貴,ふなみ,40,,参政党,参政党,true,新,会社員,22326,false,,false,117
r08-02-08,東京都,24,1,false,落,ほそやりょう,細屋椋,,30,,国民民主党,国民民主党,true,新,会社員,22263,true,25.945,false,117
r08-02-08,東京都,24,2,false,落,よくらさゆり,與倉さゆり,,41,,参政党,参政党,true,新,無職,16909,false,,false,117
r08-02-08,東京都,24,3,false,落,深田もえ,浅田麻衣子,ふかだ,47,,（無所属）,無所属,false,新,会社役員,13209,false,,false,117
r08-02-08,東京都,24,4,true,当,はぎうだ光一,萩生田光一,こういち,62,,自由民主党,自由民主党,true,前,選挙区支部長,85806,true,100.000,false,117
r08-02-08,東京都,24,5,false,落,細貝悠,,ほそがいゆう,32,,中道改革連合,中道改革連合,true,新,政党支部役員,70781,true,82.489,false,117
r08-02-08,東京都,25,1,false,落,よだかれん,依田花蓮,,54,,中道改革連合,中道改革連合,true,新,行政書士,50219,true,45.817,false,117
r08-02-08,東京都,25,2,false,落,木村なみ,木村奈美,きむら,51,,参政党,参政党,true,新,看護師,20603,false,,false,117
r08-02-08,東京都,25,3,false,落,むなかた久敬,宗像久敬,ひさたか,47,,国民民主党,国民民主党,true,新,会社経営者,21515,true,,true,118
r08-02-08,東京都,25,4,true,当,井上信治,,いのうえしんじ,56,,自由民主党,自由民主党,true,前,選挙区支部長,109606,true,100.000,false,118
r08-02-08,東京都,25,5,false,落,宮﨑たろう,宮﨑太朗,みやざき,45,,日本維新の会,日本維新の会,true,新,会社役員,15185,true,,true,118
r08-02-08,東京都,26,1,false,落,松井かな子,松井佳苗子,まついこ,47,,日本共産党,日本共産党,true,新,政党職員,19663,false,,false,118
r08-02-08,東京都,26,2,false,落,坂元ゆうき,坂元悠紀,さかもと,45,,国民民主党,国民民主党,true,新,政党役員,24307,true,,true,118
r08-02-08,東京都,26,3,false,落,まつばら仁,松原仁,じん,69,,（無所属）,無所属,false,前,政治団体役員,82119,false,,false,118
r08-02-08,東京都,26,4,false,落,うさみ登,宇佐美登,のぼる,58,,チームみらい,チームみらい,true,元,コンサルタント,34706,true,37.589,false,118
r08-02-08,東京都,26,5,true,当,今岡うえき,今岡植,いまおか,37,,自由民主党,自由民主党,true,新,選挙区支部長,92329,true,100.000,false,118
r08-02-08,東京都,26,6,false,落,すがぬまけい子,菊宮桂子,こ,53,,参政党,参政党,true,新,無職,13072,false,,false,118
r08-02-08,東京都,27,1,false,落,ながつま昭,長妻昭,あきら,65,,中道改革連合,中道改革連合,true,前,政党役員,80997,true,95.012,false,118
r08-02-08,東京都,27,2,false,落,おがさわら愛子,小笠原愛子,あいこ,37,,参政党,参政党,true,新,会社経営,19374,false,,false,118
r08-02-08,東京都,27,3,true,当,黒崎ゆういち,黒﨑祐一,くろさき,49,,自由民主党,自由民主党,true,新,選挙区支部長,85249,true,100.000,false,118
r08-02-08,東京都,27,4,false,落,須山たかし,須山卓知,すやま,45,,国民民主党,国民民主党,true,新,参議院議員秘書,37848,true,44.397,false,118
r08-02-08,東京都,28,1,false,落,村松一希,,むらまつかずき,44,,参政党,参政党,true,新,会社員,17211,true,,true,118
r08-02-08,東京都,28,2,false,落,橋口なほ,橋口奈保,はしぐち,49,,日本維新の会,日本維新の会,true,新,会社役員,18743,true,,true,118
r08-02-08,東京都,28,3,true,当,安藤たかお,安藤高夫,あんどう,66,,自由民主党,自由民主党,true,前,医師,69037,true,100.000,false,118
r08-02-08,東京都,28,4,false,落,たかの直美,髙野直美,なおみ,71,,日本共産党,日本共産党,true,新,無職,13045,false,,false,118
r08-02-08,東京都,28,5,false,落,高松さとし,高松智之,たかまつ,51,,中道改革連合,中道改革連合,true,前,政党役員,41482,true,60.086,false,118
r08-02-08,東京都,28,6,false,落,みさわ宏明,三澤宏明,ひろあき,38,,国民民主党,国民民主党,true,新,会社員,28905,true,41.868,false,118
r08-02-08,東京都,29,1,false,落,堀川てつろう,堀川哲郎,ほりかわ,25,,参政党,参政党,true,新,自営業,14071,false,,false,118
r08-02-08,東京都,29,2,false,落,木村たけつか,木村剛司,きむら,54,,中道改革連合,中道改革連合,true,元,政党役員,45358,true,56.318,false,118
r08-02-08,東京都,29,3,false,落,鈴木けんいち,鈴木賢一,すずき,64,,日本共産党,日本共産党,true,新,政党職員,13976,false,,false,118
r08-02-08,東京都,29,4,true,当,長沢こうすけ,長澤興祐,ながさわ,44,,自由民主党,自由民主党,true,新,選挙区支部長,80538,true,100.000,false,118
r08-02-08,東京都,29,5,false,落,たるい良和,樽󠄂井良和,よしかず,58,,国民民主党,国民民主党,true,元,会社役員,26692,true,33.142,false,118
r08-02-08,東京都,29,6,false,落,小坂英二,,こさかえいじ,53,,日本保守党,日本保守党,true,新,政党支部役員,14101,true,,true,118
r08-02-08,東京都,30,1,false,落,ことぶき玲子,佐々木玲子,れいこ,42,,参政党,参政党,true,新,フリーランス,20586,false,,false,118
r08-02-08,東京都,30,2,false,落,五十嵐えり,五十嵐衣里,いがらし,42,,中道改革連合,中道改革連合,true,前,弁護士,81082,true,73.408,false,118
r08-02-08,東京都,30,3,false,落,川上りゅうせい,川上竜世,かわかみ,28,,国民民主党,国民民主党,true,新,建設会社代表取締役,32504,true,29.427,false,119
r08-02-08,東京都,30,4,true,当,長島昭久,,ながしまあきひさ,63,,自由民主党,自由民主党,true,前,選挙区支部長,110453,true,100.000,false,119
r08-02-08,神奈川県,1,1,false,落,しのはら豪,篠原豪,ごう,50,,中道改革連合,中道改革連合,true,前,政党役員,80113,true,65.720,false,119
r08-02-08,神奈川県,1,2,true,当,丸尾なつ子,丸尾南都子,まるおこ,43,,自由民主党,自由民主党,true,新,弁護士,121899,true,100.000,false,119
r08-02-08,神奈川県,1,3,false,落,浅川義治,,あさかわよしはる,57,,日本維新の会,日本維新の会,true,元,会社員,27450,true,22.518,false,119
r08-02-08,神奈川県,2,1,false,落,やなぎや東三楼,稲葉昭義,とうざぶろう,49,,中道改革連合,中道改革連合,true,新,らくご家,42309,true,37.464,false,119
r08-02-08,神奈川県,2,2,true,当,にった章文,新田章文,しょうぶん,44,,自由民主党,自由民主党,true,新,選挙区支部長,112930,true,100.000,false,119
r08-02-08,神奈川県,2,3,false,落,平本こうじろう,平本幸次郎,ひらもと,63,,参政党,参政党,true,新,会社社長,19222,false,,false,119
r08-02-08,神奈川県,2,4,false,落,並木まり子,,なみきこ,74,,日本共産党,日本共産党,true,新,看護師,15150,false,,false,119
r08-02-08,神奈川県,2,5,false,落,片山ちえ,河野智絵,かたやま,34,,国民民主党,国民民主党,true,新,会社員,45947,true,40.686,false,119
r08-02-08,神奈川県,3,1,false,落,横山せいご,横山征吾,よこやま,54,,日本共産党,日本共産党,true,新,党専従,12974,false,,false,119
r08-02-08,神奈川県,3,2,false,落,中村たけと,福田武人,なかむら,51,,中道改革連合,中道改革連合,true,新,政党職員,48460,true,42.328,false,119
r08-02-08,神奈川県,3,3,false,落,二宮研,,にのみやけん,50,,国民民主党,国民民主党,true,新,団体理事,41843,true,36.548,false,119
r08-02-08,神奈川県,3,4,false,落,おぎのみえ,荻野ミエ,,42,,参政党,参政党,true,新,介護福祉士,22074,false,,false,119
r08-02-08,神奈川県,3,5,true,当,中西けんじ,中西健治,なかにし,62,,自由民主党,自由民主党,true,前,選挙区支部長,114485,true,100.000,false,119
r08-02-08,神奈川県,4,1,false,落,早稲田ゆき,早稲田夕季,わせだ,67,,中道改革連合,中道改革連合,true,前,政党役員,82939,true,88.276,false,119
r08-02-08,神奈川県,4,2,false,落,田宮れいいちろう,田宮零一郎,たみや,35,,参政党,参政党,true,新,会社役員,20655,false,,false,119
r08-02-08,神奈川県,4,3,true,当,永田まりな,永田磨梨奈,ながた,42,,自由民主党,自由民主党,true,新,選挙区支部長,93954,true,100.000,false,119
r08-02-08,神奈川県,5,1,false,落,久坂くにえ,,くさか,53,,日本維新の会,日本維新の会,true,新,政治団体役員,34078,true,34.171,false,119
r08-02-08,神奈川県,5,2,false,落,山崎誠,,やまざきまこと,63,,中道改革連合,中道改革連合,true,前,政党役員,53593,true,53.740,false,119
r08-02-08,神奈川県,5,3,false,落,高宮みち子,髙宮美智子,たかみやこ,73,,日本共産党,日本共産党,true,新,団体役員,13234,false,,false,119
r08-02-08,神奈川県,5,4,true,当,さかい学,坂井学,まなぶ,60,,自由民主党,自由民主党,true,前,選挙区支部長,99726,true,100.000,false,119
r08-02-08,神奈川県,6,1,true,当,古川なおき,古川直季,ふるかわ,57,,自由民主党,自由民主党,true,前,内閣府大臣政務官,120667,true,100.000,false,119
r08-02-08,神奈川県,6,2,false,落,あおやぎ陽一郎,青栁陽一郎,よういちろう,56,,中道改革連合,中道改革連合,true,前,政党役員,78256,true,64.852,false,119
r08-02-08,神奈川県,7,1,true,当,鈴木けいすけ,鈴木馨祐,すずき,49,,自由民主党,自由民主党,true,前,選挙区支部長,107464,true,100.000,false,119
r08-02-08,神奈川県,7,2,false,落,中谷一馬,,なかたにかずま,42,,中道改革連合,中道改革連合,true,前,政党役員,65524,true,60.972,false,120
r08-02-08,神奈川県,8,1,false,落,江田けんじ,江田憲司,えだ,69,,中道改革連合,中道改革連合,true,前,政党役員,97671,true,69.409,false,120
r08-02-08,神奈川県,8,2,true,当,みたに英弘,三谷英弘,ひでひろ,49,,自由民主党,自由民主党,true,前,選挙区支部長,140717,true,100.000,false,120
r08-02-08,神奈川県,9,1,false,落,笠ひろふみ,笠浩史,りゅう,61,,中道改革連合,中道改革連合,true,前,政党役員,84024,true,95.993,false,120
r08-02-08,神奈川県,9,2,false,落,赤石ひろ子,赤石博子,あかいしこ,65,,日本共産党,日本共産党,true,新,政党役員,16186,false,,false,120
r08-02-08,神奈川県,9,3,true,当,上原まさひろ,上原正裕,うえはら,47,,自由民主党,自由民主党,true,新,選挙区支部長,87531,true,100.000,false,120
r08-02-08,神奈川県,10,1,true,当,田中かずのり,田中和德,たなか,77,,自由民主党,自由民主党,true,前,選挙区支部長,59967,false,,false,120
r08-02-08,神奈川県,10,2,false,落,中野としひろ,中野智裕,なかの,67,,日本共産党,日本共産党,true,新,政党職員,16666,false,,false,120
r08-02-08,神奈川県,10,3,false,落,山口翔平,,やまぐちしょうへい,35,,国民民主党,国民民主党,true,新,政党役員,34094,true,56.854,false,120
r08-02-08,神奈川県,10,4,false,落,はしもときみお,橋本公夫,,33,,参政党,参政党,true,新,会社員,15191,false,,false,120
r08-02-08,神奈川県,10,5,false,落,金村りゅうな,金村龍那,かねむら,46,,日本維新の会,日本維新の会,true,前,会社役員,40298,true,67.200,false,120
r08-02-08,神奈川県,11,1,true,当,小泉進次郎,,こいずみしんじろう,44,,自由民主党,自由民主党,true,前,防衛大臣,149029,false,,false,120
r08-02-08,神奈川県,11,2,false,落,前林こうへい,前林恒平,まえばやし,40,,参政党,参政党,true,新,会社員,19191,false,,false,120
r08-02-08,神奈川県,11,3,false,落,ためそう稔,爲壮稔,みのる,72,,日本共産党,日本共産党,true,新,無職,19299,false,,false,120
r08-02-08,神奈川県,12,1,false,落,あべともこ,阿部知子,,77,,中道改革連合,中道改革連合,true,前,医師,78793,true,72.725,false,120
r08-02-08,神奈川県,12,2,false,落,沼上つねお,沼上常生,ぬまかみ,67,,日本共産党,日本共産党,true,新,党専従,11210,false,,false,120
r08-02-08,神奈川県,12,3,true,当,星野つよし,星野剛士,ほしの,62,,自由民主党,自由民主党,true,前,選挙区支部長,108343,true,100.000,false,120
r08-02-08,神奈川県,12,4,false,落,キクタケ進,菊竹進,すすむ,53,,（無所属）,無所属,false,新,自営業,21089,false,,false,120
r08-02-08,神奈川県,13,1,false,落,太ひでし,森川栄志,ふとり,48,,中道改革連合,中道改革連合,true,前,政党役員,77992,true,81.707,false,120
r08-02-08,神奈川県,13,2,true,当,まるたこう一郎,丸田康一郎,いちろう,40,,自由民主党,自由民主党,true,新,選挙区支部長,95453,true,100.000,false,120
r08-02-08,神奈川県,13,3,false,落,石井ただし,石井匡,いしい,58,,参政党,参政党,true,新,会社員,22788,false,,false,120
r08-02-08,神奈川県,14,1,false,落,先沖仁志,,さきおきひとし,49,,参政党,参政党,true,新,会社役員,24256,false,,false,120
r08-02-08,神奈川県,14,2,true,当,あかま二郎,赤間二郎,じろう,57,,自由民主党,自由民主党,true,前,国家公安委員長,108352,true,100.000,false,120
r08-02-08,神奈川県,14,3,false,落,中村圭,,なかむらけい,45,,日本共産党,日本共産党,true,新,日本共産党北部地区委員会勤務員,12083,false,,false,120
r08-02-08,神奈川県,14,4,false,落,長友よしひろ,長友克洋,ながとも,55,,中道改革連合,中道改革連合,true,前,社会福祉法人理事,61720,true,56.962,false,120
r08-02-08,神奈川県,15,1,true,当,河野太郎,,こうのたろう,63,,自由民主党,自由民主党,true,前,選挙区支部長,141580,true,100.000,false,121
r08-02-08,神奈川県,15,2,false,落,小山よしみつ,小山善光,こやま,53,,参政党,参政党,true,新,税理士,39547,false,,false,121
r08-02-08,神奈川県,15,3,false,落,三好りょう,三好諒,みよし,40,,れいわ新選組,れいわ新選組,true,新,政党職員,20598,true,,true,121
r08-02-08,神奈川県,15,4,false,落,佐々木かつみ,佐々木克己,ささき,70,,社会民主党,社会民主党,true,新,教員,24679,true,17.431,false,121
r08-02-08,神奈川県,16,1,false,落,ごとう祐一,後藤祐一,ゆういち,56,,中道改革連合,中道改革連合,true,前,団体役員,94464,true,89.130,false,121
r08-02-08,神奈川県,16,2,true,当,佐藤まさし,佐藤主迪,さとう,31,,自由民主党,自由民主党,true,新,選挙区支部長,105984,true,100.000,false,121
r08-02-08,神奈川県,17,1,false,落,中村太一,,なかむらたいち,37,,国民民主党,国民民主党,true,新,個人事業主,45727,true,42.749,false,121
r08-02-08,神奈川県,17,2,true,当,牧島かれん,,まきしま,49,,自由民主党,自由民主党,true,前,選挙区支部長,106966,true,100.000,false,121
r08-02-08,神奈川県,17,3,false,落,佐々木ナオミ,佐々木奈保美,ささき,56,,中道改革連合,中道改革連合,true,前,政党役員,68358,true,63.906,false,121
r08-02-08,神奈川県,18,1,true,当,やまぎわ大志郎,山際大志郎,だいしろう,57,,自由民主党,自由民主党,true,前,選挙区支部長,76615,true,100.000,false,121
r08-02-08,神奈川県,18,2,false,落,西岡よしたか,西岡義高,にしおか,48,,国民民主党,国民民主党,true,前,政党役員,49861,true,65.079,false,121
r08-02-08,神奈川県,18,3,false,落,そうの創,宗野創,はじめ,33,,中道改革連合,中道改革連合,true,前,政党役員,52074,true,67.968,false,121
r08-02-08,神奈川県,18,4,false,落,八巻ようこ,吉田陽子,やまき,52,,日本共産党,日本共産党,true,新,日本共産党川崎中部地区委員会勤務員,13738,false,,false,121
r08-02-08,神奈川県,18,5,false,落,藤田修一,,ふじたしゅういち,59,,参政党,参政党,true,新,会社員,17879,false,,false,121
r08-02-08,神奈川県,18,6,false,落,横田光弘,,よこたみつひろ,68,,日本維新の会,日本維新の会,true,新,会社役員,26388,true,34.442,false,121
r08-02-08,神奈川県,19,1,false,落,深作ヘスス,深作光輝ヘスス,ふかさく,41,,国民民主党,国民民主党,true,前,政党役員,77371,true,92.715,false,121
r08-02-08,神奈川県,19,2,false,落,むろい一真,室井一真,かずま,40,,参政党,参政党,true,新,会社役員,18304,true,,true,121
r08-02-08,神奈川県,19,3,true,当,くさま剛,草間剛,つよし,44,,自由民主党,自由民主党,true,前,選挙区支部長,83450,true,100.000,false,121
r08-02-08,神奈川県,19,4,false,落,そえだ勝,添田勝,まさる,48,,日本維新の会,日本維新の会,true,新,会社役員,26090,true,31.264,false,121
r08-02-08,神奈川県,20,1,false,落,かねこ洋一,金子洋一,よういち,63,,日本維新の会,日本維新の会,true,新,政治団体役員,26061,true,28.563,false,121
r08-02-08,神奈川県,20,2,true,当,金澤ゆい,金澤結衣,かなざわ,35,,自由民主党,自由民主党,true,新,選挙区支部長,91240,true,100.000,false,121
r08-02-08,神奈川県,20,3,false,落,大塚さゆり,杉崎小百合,おおつか,46,,中道改革連合,中道改革連合,true,前,政党役員,66964,true,73.393,false,121
r08-02-08,新潟県,1,1,false,落,西村ちなみ,本多智奈美,にしむら,59,,中道改革連合,中道改革連合,true,前,政党役員,73167,true,79.032,false,121
r08-02-08,新潟県,1,2,true,当,内山こう,内山航,うちやま,44,,自由民主党,自由民主党,true,新,選挙区支部長,92578,true,100.000,false,121
r08-02-08,新潟県,1,3,false,落,小池さちお,小池幸夫,こいけ,53,,参政党,参政党,true,新,会社経営,15492,false,,false,121
r08-02-08,新潟県,1,4,false,落,いとう和成,伊藤和成,かずなり,47,,日本維新の会,日本維新の会,true,新,会社員,10092,true,,true,122
r08-02-08,新潟県,1,5,false,落,中村たけお,中村岳夫,なかむら,50,,日本共産党,日本共産党,true,新,党国政対策責任者,6574,false,,false,122
r08-02-08,新潟県,2,1,false,落,平井えりこ,平井恵里子,ひらい,47,,参政党,参政党,true,新,会社員,21633,false,,false,122
r08-02-08,新潟県,2,2,false,落,金井のりこ,金井典子,かない,50,,日本維新の会,日本維新の会,true,新,会社員,9241,true,,true,122
r08-02-08,新潟県,2,3,true,当,国定勇人,,くにさだいさと,53,,自由民主党,自由民主党,true,前,選挙区支部長,111803,true,100.000,false,122
r08-02-08,新潟県,2,4,false,落,菊田まきこ,菊田真紀子,きくた,56,,中道改革連合,中道改革連合,true,前,政党役員,85602,true,76.565,false,122
r08-02-08,新潟県,3,1,false,落,さくまけいこ,佐久間慶子,,41,,参政党,参政党,true,新,自営業,19878,false,,false,122
r08-02-08,新潟県,3,2,false,落,黒岩たかひろ,黒岩宇洋,くろいわ,59,,中道改革連合,中道改革連合,true,前,政党役員,76452,true,65.912,false,122
r08-02-08,新潟県,3,3,true,当,さいとう洋明,齋藤洋明,ひろあき,49,,自由民主党,自由民主党,true,前,選挙区支部長,115991,true,100.000,false,122
r08-02-08,新潟県,4,1,true,当,わしお英一郎,鷲尾英一郎,えいいちろう,49,,自由民主党,自由民主党,true,元,公認会計士,107128,true,100.000,false,122
r08-02-08,新潟県,4,2,false,落,米山隆一,,よねやまりゅういち,58,,中道改革連合,中道改革連合,true,前,医師,62446,true,58.291,false,122
r08-02-08,新潟県,4,3,false,落,野村たいき,野村泰暉,のむら,27,,国民民主党,国民民主党,true,新,会社役員,15842,true,,true,122
r08-02-08,新潟県,4,4,false,落,大矢ひさの,大矢寿乃,おおや,46,,参政党,参政党,true,新,老人介助・介護,14613,false,,false,122
r08-02-08,新潟県,5,1,false,落,うめたに守,梅谷守,まもる,52,,中道改革連合,中道改革連合,true,前,政党役員,79294,true,76.093,false,122
r08-02-08,新潟県,5,2,false,落,たかの直行,髙野直行,なおゆき,48,,参政党,参政党,true,新,会社員,16494,false,,false,122
r08-02-08,新潟県,5,3,true,当,たかとり修一,髙鳥修一,しゅういち,65,,自由民主党,自由民主党,true,元,選挙区支部長,104206,true,100.000,false,122
r08-02-08,富山県,1,1,false,落,青山りょうすけ,青山了介,あおやま,50,,日本共産党,日本共産党,true,新,政党役員,5323,false,,false,122
r08-02-08,富山県,1,2,true,当,中田宏,,なかだひろし,61,,自由民主党,自由民主党,true,元,内閣府大臣補佐官,81875,true,100.000,false,122
r08-02-08,富山県,1,3,false,落,山としひろ,山登志浩,やま,46,,中道改革連合,中道改革連合,true,前,政党役員,27730,true,33.868,false,122
r08-02-08,富山県,1,4,false,落,さいとう匠,斉藤󠄃匠,たくみ,34,,参政党,参政党,true,新,製造業技術系会社員,14207,true,17.352,false,122
r08-02-08,富山県,2,1,false,落,こしかわ康晴,越川康晴,やすはる,61,,中道改革連合,中道改革連合,true,新,政党役員,30104,true,33.886,false,122
r08-02-08,富山県,2,2,true,当,上田英俊,,うえだえいしゅん,61,,自由民主党,自由民主党,true,前,選挙区支部長,88839,true,100.000,false,122
r08-02-08,富山県,3,1,false,落,山本圭太,,やまもとけいた,41,,国民民主党,国民民主党,true,新,ＩＴ会社社長,35576,true,28.016,false,122
r08-02-08,富山県,3,2,false,落,坂本ひろし,山本洋史,さかもと,55,,日本共産党,日本共産党,true,新,政党役員,12999,false,,false,122
r08-02-08,富山県,3,3,true,当,たちばな慶一郎,橘慶一郎,けいいちろう,65,,自由民主党,自由民主党,true,前,選挙区支部長,126981,true,100.000,false,122
r08-02-08,富山県,3,4,false,落,じきばらみわこ,直原美和子,,41,,参政党,参政党,true,新,ビジネススクール取締役マネージャー,17057,false,,false,123
r08-02-08,石川県,1,1,true,当,小森たくお,小森卓郎,こもり,55,,自由民主党,自由民主党,true,前,政党役員,83732,true,100.000,false,123
r08-02-08,石川県,1,2,false,落,おだけかい,小竹凱,,27,,国民民主党,国民民主党,true,前,政党役員,48150,true,57.504,false,123
r08-02-08,石川県,1,3,false,落,こばやし誠,小林誠,まこと,49,,日本維新の会,日本維新の会,true,新,団体役員,19547,true,23.344,false,123
r08-02-08,石川県,1,4,false,落,川ゆういちろう,川裕一郎,かわ,54,,参政党,参政党,true,新,会社役員,23350,true,27.886,false,123
r08-02-08,石川県,1,5,false,落,村田しげる,村田茂,むらた,63,,日本共産党,日本共産党,true,新,政党役員,11358,false,,false,123
r08-02-08,石川県,2,1,true,当,佐々木はじめ,佐々木紀,ささき,51,,自由民主党,自由民主党,true,前,国土交通副大臣,139808,true,100.000,false,123
r08-02-08,石川県,2,2,false,落,坂本ひろし,坂本浩,さかもと,62,,日本共産党,日本共産党,true,新,政党役員,27476,false,,false,123
r08-02-08,石川県,3,1,true,当,にしだ昭二,西田昭二,しょうじ,56,,自由民主党,自由民主党,true,前,自由民主党石川県第三選挙区支部長,73034.720,true,100.000,false,123
r08-02-08,石川県,3,2,false,落,南しょうじ,南章治,みなみ,70,,日本共産党,日本共産党,true,新,政党役員,2850.274,false,,false,123
r08-02-08,石川県,3,3,false,落,こんどう和也,近藤和也,かずや,52,,中道改革連合,中道改革連合,true,前,政党役員,64893,true,88.852,false,123
r08-02-08,福井県,1,1,false,落,山中しゅんすけ,山中俊祐,やまなか,42,,国民民主党,国民民主党,true,新,救命医,34541,true,37.024,false,123
r08-02-08,福井県,1,2,false,落,藤本かずき,藤本一希,ふじもと,29,,参政党,参政党,true,新,会社役員,27189,true,29.143,false,123
r08-02-08,福井県,1,3,true,当,稲田ともみ,稲田朋美,いなだ,66,,自由民主党,自由民主党,true,前,弁護士,93292,true,100.000,false,123
r08-02-08,福井県,1,4,false,落,はたのつばさ,波多野翼,,41,,中道改革連合,中道改革連合,true,前,政党役員,38929,true,41.728,false,123
r08-02-08,福井県,2,1,true,当,斉木武志,齋木武志,さいきたけし,51,,（無所属）,無所属,false,前,政治団体役員,78737,false,,false,123
r08-02-08,福井県,2,2,false,落,つじ英之,辻󠄂英之,ひでゆき,55,,中道改革連合,中道改革連合,true,前,政党役員,52607,true,66.813,false,123
r08-02-08,山梨県,1,1,false,落,中島かつひと,中嶋克仁,なかじま,58,,中道改革連合,中道改革連合,true,前,医師,87812,true,68.513,false,123
r08-02-08,山梨県,1,2,false,落,鈴木大介,鈴木大介,すずきだいすけ,51,,参政党,参政党,true,新,会社員,18908,false,,false,123
r08-02-08,山梨県,1,3,false,落,田中せいな,田中星那,たなか,35,,日本共産党,日本共産党,true,新,政党役員,9959,false,,false,123
r08-02-08,山梨県,1,4,true,当,中谷真一,中谷真一,なかたにしんいち,49,,自由民主党,自由民主党,true,前,選挙区支部長,128168,true,100.000,false,123
r08-02-08,山梨県,2,1,false,落,そうだ記史,早田記史,のりふみ,42,,日本共産党,日本共産党,true,新,旅行代理店経営,24590,false,,false,123
r08-02-08,山梨県,2,2,true,当,堀内のり子,堀内詔子,ほりうちこ,60,,自由民主党,自由民主党,true,前,山梨県第二選挙区支部長,108477,true,100.000,false,123
r08-02-08,長野県,1,1,false,落,わかさ清史,若狹清史,きよし,45,,日本維新の会,日本維新の会,true,新,会社役員,29366,true,24.656,false,123
r08-02-08,長野県,1,2,false,落,しのはら孝,篠原孝,たかし,77,,中道改革連合,中道改革連合,true,前,政党役員,86458,true,72.592,false,124
r08-02-08,長野県,1,3,true,当,若林けんた,若林健太,わかばやし,62,,自由民主党,自由民主党,true,元,選挙区支部長,119101,true,100.000,false,124
r08-02-08,長野県,2,1,false,落,手塚大輔,,てづかだいすけ,43,,日本維新の会,日本維新の会,true,新,会社役員,24414,true,23.450,false,124
r08-02-08,長野県,2,2,false,落,下条みつ,下條光康,しもじょう,70,,中道改革連合,中道改革連合,true,前,政党役員,75809,true,72.818,false,124
r08-02-08,長野県,2,3,false,落,竹下ひろよし,竹下博善,たけした,43,,参政党,参政党,true,新,造園業,18383,false,,false,124
r08-02-08,長野県,2,4,true,当,藤田ひかる,,ふじた,35,,自由民主党,自由民主党,true,新,選挙区支部長,104107,true,100.000,false,124
r08-02-08,長野県,3,1,false,落,山口こうじ,山口孝司,やまぐち,61,,れいわ新選組,れいわ新選組,true,新,社会福祉士,11296,false,,false,124
r08-02-08,長野県,3,2,true,当,井出ようせい,井出庸生,いで,48,,自由民主党,自由民主党,true,前,選挙区支部長,111844,true,100.000,false,124
r08-02-08,長野県,3,3,false,落,仁科ひろき,仁科裕貴,にしな,28,,参政党,参政党,true,新,個人事業主,26407,false,,false,124
r08-02-08,長野県,3,4,false,落,神津たけし,神津健,こうづ,49,,中道改革連合,中道改革連合,true,前,中道改革連合長野県第３区総支部長,81922,true,73.246,false,124
r08-02-08,長野県,4,1,false,落,たけだ良介,武田良介,りょうすけ,46,,日本共産党,日本共産党,true,新,日本共産党長野県委員会副委員長,22747,false,,false,124
r08-02-08,長野県,4,2,true,当,後藤しげゆき,後藤茂之,ごとう,70,,自由民主党,自由民主党,true,前,選挙区支部長,77135,true,100.000,false,124
r08-02-08,長野県,4,3,false,落,花岡あきひさ,花岡明久,はなおか,46,,国民民主党,国民民主党,true,新,会社員,34122,true,44.236,false,124
r08-02-08,長野県,5,1,true,当,宮下一郎,,みやしたいちろう,67,,自由民主党,自由民主党,true,前,選挙区支部長,98866,true,100.000,false,124
r08-02-08,長野県,5,2,false,落,福田じゅんた,福田淳太,ふくだ,32,,中道改革連合,中道改革連合,true,前,政党役員,66593,true,67.356,false,124
r08-02-08,岐阜県,1,1,false,落,服部まなぶ,服部学,はっとり,54,,中道改革連合,中道改革連合,true,新,団体役員,36657,true,40.617,false,124
r08-02-08,岐阜県,1,2,true,当,野田聖子,,のだせいこ,65,,自由民主党,自由民主党,true,前,選挙区支部長,90249,true,100.000,false,124
r08-02-08,岐阜県,1,3,false,落,はたの純子,波多野純子,じゅんこ,43,,日本共産党,日本共産党,true,新,政党職員,8658,false,,false,124
r08-02-08,岐阜県,1,4,false,落,なるいまゆら,成井まゆ子,,42,,参政党,参政党,true,新,無職,26146,false,,false,124
r08-02-08,岐阜県,2,1,true,当,たなはし泰文,棚橋泰文,やすふみ,62,,自由民主党,自由民主党,true,前,弁護士,87826,true,100.000,false,124
r08-02-08,岐阜県,2,2,false,落,伊藤あゆみ,中島あゆみ,いとう,55,,（無所属）,無所属,false,新,航空会社会社員,6582,false,,false,124
r08-02-08,岐阜県,2,3,false,落,つかはらまさや,塚原雅也,,34,,参政党,参政党,true,新,会社員（金融業）,14203,false,,false,124
r08-02-08,岐阜県,2,4,false,落,からさわりえ,唐澤理恵,,63,,（無所属）,無所属,false,新,会社役員,7663,false,,false,124
r08-02-08,岐阜県,2,5,false,落,野村美穂,,のむらみほ,56,,国民民主党,国民民主党,true,新,政党役員,44679,true,50.872,false,124
r08-02-08,岐阜県,3,1,true,当,武藤ようじ,武藤容治,むとう,70,,自由民主党,自由民主党,true,前,選挙区支部長,118346,true,100.000,false,124
r08-02-08,岐阜県,3,2,false,落,せんだあきひろ,仙田晃宏,,43,,国民民主党,国民民主党,true,前,政党役員,51021,true,43.111,false,125
r08-02-08,岐阜県,3,3,false,落,さかぐち直人,阪口直人,なおと,62,,れいわ新選組,れいわ新選組,true,前,政党役員,28872,true,24.396,false,125
r08-02-08,岐阜県,3,4,false,落,伊藤けいすけ,伊藤恵介,いとう,47,,参政党,参政党,true,新,介護事業法人代表,23204,true,19.606,false,125
r08-02-08,岐阜県,4,1,false,落,今井まさと,今井雅人,いまい,63,,中道改革連合,中道改革連合,true,前,政党支部代表,79476,true,77.120,false,125
r08-02-08,岐阜県,4,2,false,落,曽我ゆうすけ,曽我雄介,そが,37,,参政党,参政党,true,新,個人事業主,20886,false,,false,125
r08-02-08,岐阜県,4,3,true,当,加藤ともひろ,加藤大博,かとう,46,,自由民主党,自由民主党,true,新,会社役員,103054,true,100.000,false,125
r08-02-08,岐阜県,5,1,false,落,まのさとし,眞野哲,,64,,中道改革連合,中道改革連合,true,前,会社代表,37630,true,45.220,false,125
r08-02-08,岐阜県,5,2,false,落,よしだ企貴,吉田企貴,もとたか,38,,国民民主党,国民民主党,true,新,政党役員,27577,true,33.139,false,125
r08-02-08,岐阜県,5,3,true,当,古屋圭司,,ふるやけいじ,73,,自由民主党,自由民主党,true,前,選挙区支部長,83214,false,,false,125
r08-02-08,岐阜県,5,4,false,落,山田良司,,やまだりょうじ,65,,日本維新の会,日本維新の会,true,元,学習塾経営,11268,true,,true,125
r08-02-08,静岡県,1,1,false,落,鈴木せつ子,鈴木節子,すずきこ,71,,日本共産党,日本共産党,true,新,１区くらし福祉対策委員長,19516,false,,false,125
r08-02-08,静岡県,1,2,false,落,しばた将平,柴田将平,しょうへい,36,,国民民主党,国民民主党,true,新,フリーアナウンサー,61490,true,48.231,false,125
r08-02-08,静岡県,1,3,true,当,かみかわ陽子,上川陽子,ようこ,72,,自由民主党,自由民主党,true,前,選挙区支部長,127488,true,100.000,false,125
r08-02-08,静岡県,2,1,false,落,鈴木たけゆき,鈴木岳幸,すずき,52,,中道改革連合,中道改革連合,true,前,政党役員,61915,true,40.730,false,125
r08-02-08,静岡県,2,2,true,当,井林たつのり,井林辰憲,いばやし,49,,自由民主党,自由民主党,true,前,選挙区支部長,152012,true,100.000,false,125
r08-02-08,静岡県,3,1,true,当,山本ゆうぞう,山本裕三,やまもと,43,,自由民主党,自由民主党,true,新,自由民主党静岡県第三選挙区支部支部長,117738,true,100.000,false,125
r08-02-08,静岡県,3,2,false,落,中橋たつや,中橋辰也,なかはし,38,,参政党,参政党,true,新,合同会社ＡＫＡＢＯＳＨＩＷＯＲＫＳ代表社員,25070,false,,false,125
r08-02-08,静岡県,3,3,false,落,竹むら眞弓,竹村眞弓,たけまゆみ,68,,日本共産党,日本共産党,true,新,日本共産党中部地区委員会地区委員会,8196,false,,false,125
r08-02-08,静岡県,3,4,false,落,小山のぶひろ,小山展弘,こやま,50,,中道改革連合,中道改革連合,true,前,政党役員,76509,true,64.982,false,125
r08-02-08,静岡県,4,1,true,当,ふかざわ陽一,深澤陽一,よういち,49,,自由民主党,自由民主党,true,前,選挙区支部長,87880,true,100.000,false,125
r08-02-08,静岡県,4,2,false,落,すずきさとる,鈴木智,,56,,れいわ新選組,れいわ新選組,true,新,政党役員,8494,true,,true,125
r08-02-08,静岡県,4,3,false,落,高田あきひろ,髙田晃宏,たかだ,51,,参政党,参政党,true,新,自営業,11655,true,,true,125
r08-02-08,静岡県,4,4,false,落,田中けん,田中健,たなか,48,,国民民主党,国民民主党,true,前,政党役員,61791,true,70.312,false,125
r08-02-08,静岡県,5,1,false,落,中村まさよし,中村正善,なかむら,67,,中道改革連合,中道改革連合,true,新,政党役員,43417,true,25.765,false,125
r08-02-08,静岡県,5,2,true,当,細野豪志,,ほそのごうし,54,,自由民主党,自由民主党,true,前,自由民主党静岡県第五区選挙区支部長,168511,true,100.000,false,125
r08-02-08,静岡県,5,3,false,落,下山かずみ,下山一美,しもやま,72,,日本共産党,日本共産党,true,新,日本共産党三島市委員会市委員,13367,false,,false,126
r08-02-08,静岡県,6,1,false,落,くるまど保教,輦止保教,やすのり,52,,参政党,参政党,true,新,人材紹介業,19972,false,,false,126
r08-02-08,静岡県,6,2,true,当,かつまた孝明,勝俣孝明,たかあき,49,,自由民主党,自由民主党,true,前,選挙区支部長,125829,true,100.000,false,126
r08-02-08,静岡県,6,3,false,落,わたなべ周,渡辺周,しゅう,64,,中道改革連合,中道改革連合,true,前,政党役員,84726,true,67.334,false,126
r08-02-08,静岡県,7,1,false,落,北野谷ふくこ,北野谷富子,きたのや,41,,国民民主党,国民民主党,true,新,政党役員,45489,true,35.171,false,126
r08-02-08,静岡県,7,2,false,落,袴田サヤカ,,はかまた,49,,参政党,参政党,true,新,無職,16319,false,,false,126
r08-02-08,静岡県,7,3,true,当,城内みのる,城内実,きうち,60,,自由民主党,自由民主党,true,前,選挙区支部長,129336,true,100.000,false,126
r08-02-08,静岡県,8,1,true,当,いなばだいすけ,稲葉大輔,,51,,自由民主党,自由民主党,true,新,選挙区支部長,114256,true,100.000,false,126
r08-02-08,静岡県,8,2,false,落,村田ゆうや,村田優哉,むらた,27,,日本共産党,日本共産党,true,新,日本共産党西部地区委員会准地区委員,8617,false,,false,126
r08-02-08,静岡県,8,3,false,落,神田あやの,神田綾乃,かんだ,52,,参政党,参政党,true,新,参政党静岡第８支部支部長,23397,false,,false,126
r08-02-08,静岡県,8,4,false,落,げんまけんたろう,源馬謙太郎,,53,,中道改革連合,中道改革連合,true,前,政党役員,82357,true,72.081,false,126
r08-02-08,愛知県,1,1,false,落,くまだ裕通,熊田裕通,ひろみち,61,,自由民主党,自由民主党,true,元,選挙区支部長,72144,true,76.473,false,126
r08-02-08,愛知県,1,2,false,落,吉田つねひこ,吉田統彦,よしだ,51,,中道改革連合,中道改革連合,true,元,医師,40038,true,42.440,false,126
r08-02-08,愛知県,1,3,true,当,河村たかし,,かわむら,77,,減税日本・ゆうこく連合,減税日本・ゆうこく連合,true,前,政治団体代表,94339,true,100.000,false,126
r08-02-08,愛知県,1,4,false,落,近田あかね,近田茜,こんだ,33,,参政党,参政党,true,新,健康サロン運営,15283,false,,false,126
r08-02-08,愛知県,2,1,false,落,酒井ケンタロー,酒井健太朗,さかい,40,,日本共産党,日本共産党,true,新,政党役員,15550,false,,false,126
r08-02-08,愛知県,2,2,false,落,つじ秀樹,辻󠄀秀樹,ひでき,50,,自由民主党,自由民主党,true,新,選挙区支部長,74845,true,67.708,false,126
r08-02-08,愛知県,2,3,false,落,梅村ただし,梅村忠司,うめむら,69,,減税日本・ゆうこく連合,減税日本・ゆうこく連合,true,新,歯科医院院長,24158,true,21.854,false,126
r08-02-08,愛知県,2,4,true,当,古川元久,,ふるかわもとひさ,60,,国民民主党,国民民主党,true,前,政党役員,110540,true,100.000,false,126
r08-02-08,愛知県,3,1,false,落,柴田たみお,柴田民雄,しばた,60,,日本共産党,日本共産党,true,新,自営業,11262,false,,false,126
r08-02-08,愛知県,3,2,true,当,水野よしひこ,水野良彦,みずの,52,,自由民主党,自由民主党,true,新,選挙区支部長,98388,true,100.000,false,126
r08-02-08,愛知県,3,3,false,落,皆川まさかず,皆川雅一,みながわ,44,,日本維新の会,日本維新の会,true,新,個人事業主,23561,true,,true,126
r08-02-08,愛知県,3,4,false,落,平岩まさき,平岩征樹,ひらいわ,46,,減税日本・ゆうこく連合,減税日本・ゆうこく連合,true,前,ブースト株式会社顧問,37335,true,37.946,false,126
r08-02-08,愛知県,3,5,false,落,近藤昭一,,こんどうしょういち,67,,中道改革連合,中道改革連合,true,前,政党役員,70464,true,71.618,false,126
r08-02-08,愛知県,4,1,false,落,志村やすひろ,志村康博,しむら,53,,減税日本・ゆうこく連合,減税日本・ゆうこく連合,true,新,個人事業主（ファイナンシャルプランナー）,17400,true,,true,126
r08-02-08,愛知県,4,2,false,落,高橋ゆうすけ,高橋祐介,たかはし,47,,日本共産党,日本共産党,true,新,政党職員,10286,false,,false,127
r08-02-08,愛知県,4,3,false,落,中田ちよ,中田千代,なかた,58,,日本維新の会,日本維新の会,true,新,株式会社カオスシスコム代表取締役社長,14831,true,,true,127
r08-02-08,愛知県,4,4,false,落,牧義夫,,まきよしお,68,,中道改革連合,中道改革連合,true,前,政党役員,50572,true,63.850,false,127
r08-02-08,愛知県,4,5,true,当,工藤彰三,,くどうしょうぞう,61,,自由民主党,自由民主党,true,前,選挙区支部長,79204,true,100.000,false,127
r08-02-08,愛知県,4,6,false,落,魚住かな,魚住佳奈,うおずみ,43,,参政党,参政党,true,新,株式会社ＹＮＵＫ取締役,17699,false,,false,127
r08-02-08,愛知県,5,1,false,落,神田けんじ,神田憲次,かんだ,62,,（無所属）,無所属,false,元,税理士,6487,false,,false,127
r08-02-08,愛知県,5,2,false,落,田中かつよし,田中克和,たなか,41,,減税日本・ゆうこく連合,減税日本・ゆうこく連合,true,新,秘書,25815,true,35.054,false,127
r08-02-08,愛知県,5,3,false,落,渡辺あいり,大河藍理,わたなべ,43,,参政党,参政党,true,新,リラクゼーションサロン経営,18970,true,25.759,false,127
r08-02-08,愛知県,5,4,true,当,岡本やすひろ,岡本康宏,おかもと,43,,自由民主党,自由民主党,true,新,歯科医師,73643,true,100.000,false,127
r08-02-08,愛知県,5,5,false,落,西川あつし,西川厚志,にしかわ,56,,中道改革連合,中道改革連合,true,前,政党役員,44288,true,60.138,false,127
r08-02-08,愛知県,5,6,false,落,えがみ博之,江上博之,ひろゆき,71,,日本共産党,日本共産党,true,新,政党職員,7487,false,,false,127
r08-02-08,愛知県,6,1,false,落,大西雅人,,おおにしまさと,30,,社会民主党,社会民主党,true,新,アルバイト,10996,true,,true,127
r08-02-08,愛知県,6,2,false,落,橋本べん,橋本勉,はしもと,72,,減税日本・ゆうこく連合,減税日本・ゆうこく連合,true,元,税理士,13179,true,,true,127
r08-02-08,愛知県,6,3,false,落,くにざき信江,國﨑信江,のぶえ,56,,中道改革連合,中道改革連合,true,新,会社役員,39828,true,36.524,false,127
r08-02-08,愛知県,6,4,false,落,春日まい,春日舞,かすが,38,,参政党,参政党,true,新,特定非営利活動法人つばさの丘会社員,28651,false,,false,127
r08-02-08,愛知県,6,5,true,当,丹羽ひでき,丹羽秀樹,にわ,53,,自由民主党,自由民主党,true,前,選挙区支部長,109044,true,100.000,false,127
r08-02-08,愛知県,7,1,false,落,鈴木こういち,鈴木弘一,すずき,51,,日本共産党,日本共産党,true,新,政党職員,14373.096,false,,false,127
r08-02-08,愛知県,7,2,false,落,鈴木じゅんじ,鈴木淳司,すずき,67,,自由民主党,自由民主党,true,元,選挙区支部長,94973.898,true,87.677,false,127
r08-02-08,愛知県,7,3,true,当,日野さりあ,日野紗里亜,ひの,38,,国民民主党,国民民主党,true,前,政党役員,108322,true,100.000,false,127
r08-02-08,愛知県,8,1,false,落,ばんの豊,伴野豊,ゆたか,65,,中道改革連合,中道改革連合,true,前,政党役員,84571,true,64.533,false,127
r08-02-08,愛知県,8,2,true,当,いとう忠彦,伊藤忠彦,ただひこ,61,,自由民主党,自由民主党,true,前,選挙区支部長,131050,true,100.000,false,127
r08-02-08,愛知県,8,3,false,落,中川健一,,なかがわけんいち,56,,日本保守党,日本保守党,true,新,政党職員,32396,true,24.720,false,127
r08-02-08,愛知県,9,1,false,落,浦上なな,浦上奈々,うらがみ,25,,日本維新の会,日本維新の会,true,新,自営業,24489,true,26.233,false,127
r08-02-08,愛知県,9,2,false,落,伊藤恵子,,いとうけいこ,72,,日本共産党,日本共産党,true,新,無職,8930,false,,false,127
r08-02-08,愛知県,9,3,true,当,長坂やすまさ,長坂康正,ながさか,68,,自由民主党,自由民主党,true,前,厚生労働副大臣,93351,true,100.000,false,127
r08-02-08,愛知県,9,4,false,落,岡本みつのり,岡本充功,おかもと,54,,中道改革連合,中道改革連合,true,前,医師,58084,true,62.221,false,127
r08-02-08,愛知県,9,5,false,落,加藤たいち,加藤泰稚,かとう,27,,参政党,参政党,true,新,ＩＴ関連事業者,22098,false,,false,127
r08-02-08,愛知県,10,1,true,当,若山しんじ,若山慎司,わかやま,52,,自由民主党,自由民主党,true,前,内閣府大臣政務官,80646,true,100.000,false,128
r08-02-08,愛知県,10,2,false,落,杉本和巳,,すぎもとかずみ,65,,日本維新の会,日本維新の会,true,前,政治団体役員,28434,true,35.257,false,128
r08-02-08,愛知県,10,3,false,落,三嶋りょうへい,三嶋竜平,みしま,47,,国民民主党,国民民主党,true,新,政党役員,21072.837,true,26.130,false,128
r08-02-08,愛知県,10,4,false,落,山内りょうへい,山内遼平,やまうち,29,,参政党,参政党,true,新,会社員（鉄鋼業）,17891.162,true,,true,128
r08-02-08,愛知県,10,5,false,落,藤原のりまさ,藤原規眞,ふじわら,47,,中道改革連合,中道改革連合,true,前,弁護士,43496,true,53.934,false,128
r08-02-08,愛知県,11,1,true,当,丹野みどり,,たんの,52,,国民民主党,国民民主党,true,前,会社役員,145739,true,100.000,false,128
r08-02-08,愛知県,11,2,false,落,藤沢ただもり,藤澤忠盛,ふじさわ,54,,自由民主党,自由民主党,true,新,選挙区支部長,98411,true,67.525,false,128
r08-02-08,愛知県,12,1,false,落,しげとく和彦,重德和彦,かずひこ,55,,中道改革連合,中道改革連合,true,前,政党役員,107130,true,83.400,false,128
r08-02-08,愛知県,12,2,true,当,あおやま周平,青山周平,しゅうへい,48,,自由民主党,自由民主党,true,元,選挙区支部長,128453,true,100.000,false,128
r08-02-08,愛知県,12,3,false,落,中川ひろと,中川博登,なかがわ,47,,参政党,参政党,true,新,国会議員秘書,37684,true,29.336,false,128
r08-02-08,愛知県,13,1,false,落,おおにし健介,大西健介,けんすけ,54,,中道改革連合,中道改革連合,true,前,政党役員,94399,true,62.127,false,128
r08-02-08,愛知県,13,2,false,落,牛田清博,,うしたきよひろ,67,,日本共産党,日本共産党,true,新,政党職員,12910,false,,false,128
r08-02-08,愛知県,13,3,true,当,石井たく,石井拓,いしい,60,,自由民主党,自由民主党,true,元,選挙区支部長,151944,true,100.000,false,128
r08-02-08,愛知県,14,1,false,落,あさお大輔,浅尾大輔,だいすけ,55,,日本共産党,日本共産党,true,新,文筆業,7904,false,,false,128
r08-02-08,愛知県,14,2,false,落,おおたけりえ,大嶽理恵,,48,,中道改革連合,中道改革連合,true,前,政党役員,49753,true,41.677,false,128
r08-02-08,愛知県,14,3,true,当,今枝宗一郎,,いまえだそういちろう,41,,自由民主党,自由民主党,true,前,選挙区支部長,119376,true,100.000,false,128
r08-02-08,愛知県,15,1,false,落,せき健一郎,関健一郎,けんいちろう,47,,日本維新の会,日本維新の会,true,元,会社役員,35736,true,40.596,false,128
r08-02-08,愛知県,15,2,false,落,小山ちほ,小山千帆,こやま,50,,中道改革連合,中道改革連合,true,前,政党役員,36614,true,41.593,false,128
r08-02-08,愛知県,15,3,true,当,根本幸典,,ねもとゆきのり,60,,自由民主党,自由民主党,true,前,選挙区支部長,88028,true,100.000,false,128
r08-02-08,愛知県,15,4,false,落,鈴木かつひろ,鈴木勝裕,すずき,39,,参政党,参政党,true,新,不動産業,19022,false,,false,128
r08-02-08,愛知県,15,5,false,落,つじ恵,辻󠄀惠,めぐむ,77,,れいわ新選組,れいわ新選組,true,元,弁護士,9835,true,,true,128
r08-02-08,愛知県,15,6,false,落,竹上ゆうこ,竹上裕子,たけがみ,65,,減税日本・ゆうこく連合,減税日本・ゆうこく連合,true,前,（有）竹上豆腐店業務統括,12892,true,,true,128
r08-02-08,愛知県,16,1,false,落,渡辺のぶえ,渡辺信江,わたなべ,42,,参政党,参政党,true,新,保育士,17419,false,,false,128
r08-02-08,愛知県,16,2,false,落,前田ゆうきち,西村雄吉,まえだ,66,,減税日本・ゆうこく連合,減税日本・ゆうこく連合,true,元,会社経営,10984,true,,true,128
r08-02-08,愛知県,16,3,true,当,山下しずお,山下史守朗,やました,50,,自由民主党,自由民主党,true,新,選挙区支部長,91375,true,100.000,false,128
r08-02-08,愛知県,16,4,false,落,松田イサオ,松田功,まつだ,58,,中道改革連合,中道改革連合,true,前,政党役員,43393,true,47.488,false,129
r08-02-08,愛知県,16,5,false,落,福田とおる,福田徹,ふくた,43,,国民民主党,国民民主党,true,前,医師（救急科専門医）,60084,true,65.755,false,129
r08-02-08,三重県,1,1,true,当,田村のりひさ,田村憲久,たむら,61,,自由民主党,自由民主党,true,前,選挙区支部長,124762,true,100.000,false,129
r08-02-08,三重県,1,2,false,落,出口洋介,出口洋介,でぐちようすけ,36,,日本共産党,日本共産党,true,新,日本共産党三重県委員会書記長,10465,false,,false,129
r08-02-08,三重県,1,3,false,落,ふくもり和歌子,髙野和歌子,わかこ,56,,中道改革連合,中道改革連合,true,前,個人事業主（マーケティング・コンサルタント）,53020,true,42.496,false,129
r08-02-08,三重県,2,1,false,落,水谷ゆきやす,水谷幸泰,みずたに,52,,参政党,参政党,true,新,会社代表,28267,true,24.058,false,129
r08-02-08,三重県,2,2,false,落,しもの幸助,下野幸助,こうすけ,49,,中道改革連合,中道改革連合,true,前,政党役員,78118,true,66.486,false,129
r08-02-08,三重県,2,3,true,当,川崎ひでと,川崎秀人,かわさき,44,,自由民主党,自由民主党,true,前,無職,117495,true,100.000,false,129
r08-02-08,三重県,3,1,false,落,岡田かつや,岡田克也,おかだ,72,,中道改革連合,中道改革連合,true,前,政党役員,90701,false,,false,129
r08-02-08,三重県,3,2,false,落,新谷めぐみ,新谷恵,しんたに,44,,参政党,参政党,true,新,パート事務,22702,true,,true,129
r08-02-08,三重県,3,3,false,落,きぬがさ民子,衣笠民子,たみこ,63,,日本共産党,日本共産党,true,新,団体職員,6345,false,,false,129
r08-02-08,三重県,3,4,false,落,伊藤まさし,伊藤昌志,いとう,56,,日本保守党,日本保守党,true,新,ＮＰＯ法人代表理事,16907,true,,true,129
r08-02-08,三重県,3,5,true,当,石原まさたか,石原正敬,いしはら,54,,自由民主党,自由民主党,true,元,選挙区支部長,99392,true,100.000,false,129
r08-02-08,三重県,4,1,true,当,すずき英敬,鈴木英敬,えいけい,51,,自由民主党,自由民主党,true,前,選挙区支部長,106718,true,100.000,false,129
r08-02-08,三重県,4,2,false,落,ふじた大助,藤田大助,だいすけ,49,,国民民主党,国民民主党,true,元,会社経営者（林業及び農産物の生産・加工会社役員）,43016,true,40.308,false,129
r08-02-08,三重県,4,3,false,落,中川たみひで,中川民英,なかがわ,58,,日本共産党,日本共産党,true,新,政党役員,10846,false,,false,129
r08-02-08,滋賀県,1,1,false,落,きのせ明子,黄野瀬明子,あきこ,42,,日本共産党,日本共産党,true,新,政党職員,19198,false,,false,129
r08-02-08,滋賀県,1,2,true,当,大岡としたか,大岡敏孝,おおおか,53,,自由民主党,自由民主党,true,前,選挙区支部長,76367,true,100.000,false,129
r08-02-08,滋賀県,1,3,false,落,斎藤アレックス,斎藤勇士アレックス,さいとう,40,,日本維新の会,日本維新の会,true,前,無職,47217,true,61.829,false,129
r08-02-08,滋賀県,1,4,false,落,かわい昭成,河井昭成,あきなり,52,,国民民主党,国民民主党,true,新,団体職員,38911,true,50.952,false,129
r08-02-08,滋賀県,2,1,false,落,おかや京佑,岡屋京佑,きょうすけ,33,,日本維新の会,日本維新の会,true,新,政治団体役員,46898,true,33.060,false,129
r08-02-08,滋賀県,2,2,true,当,うえの賢一郎,上野賢一郎,けんいちろう,60,,自由民主党,自由民主党,true,前,選挙区支部長,141853,true,100.000,false,129
r08-02-08,滋賀県,2,3,false,落,平尾みちお,平尾道雄,ひらお,75,,中道改革連合,中道改革連合,true,新,無職,47132,true,33.225,false,129
r08-02-08,滋賀県,3,1,false,落,伊吹ゆう,伊吹裕,いぶき,47,,日本共産党,日本共産党,true,新,無職,10243,false,,false,129
r08-02-08,滋賀県,3,2,false,落,北野ゆうこ,北野裕子,きたの,40,,参政党,参政党,true,前,参政党衆議院国会対策副委員長,30202,false,,false,129
r08-02-08,滋賀県,3,3,false,落,早ともゆき,早智敬,はや,51,,中道改革連合,中道改革連合,true,新,行政書士,29595,true,27.172,false,130
r08-02-08,滋賀県,3,4,false,落,安持なるみ,安持成美,やすもち,37,,れいわ新選組,れいわ新選組,true,新,れいわ新選組党本部近畿ブロック補佐,7989,false,,false,130
r08-02-08,滋賀県,3,5,false,落,でじしんご,出路真吾,,43,,日本維新の会,日本維新の会,true,新,政党役員,36984,true,33.956,false,130
r08-02-08,滋賀県,3,6,true,当,武村のぶひで,武村展英,たけむら,54,,自由民主党,自由民主党,true,前,選挙区支部長,108917,true,100.000,false,130
r08-02-08,京都府,1,1,false,落,堀場さち子,堀場幸子,ほりばこ,46,,チームみらい,チームみらい,true,元,一般社団法人代表理事,17208,true,,true,130
r08-02-08,京都府,1,2,true,当,勝目やすし,勝目康,かつめ,51,,自由民主党,自由民主党,true,前,選挙区支部長,78098,true,100.000,false,130
r08-02-08,京都府,1,3,false,落,ひらたけ耕三,平竹耕三,こうぞう,67,,中道改革連合,中道改革連合,true,新,大学客員教授,28899,true,37.003,false,130
r08-02-08,京都府,1,4,false,落,谷口あおひと,谷口青人,たにぐち,47,,参政党,参政党,true,新,農家,12881,false,,false,130
r08-02-08,京都府,1,5,false,落,かつら隆俊,桂隆󠄅俊,たかとし,53,,国民民主党,国民民主党,true,新,会社役員,13644,true,,true,130
r08-02-08,京都府,1,6,false,落,かまの敏徳,鎌野敏徳,としのり,61,,日本共産党,日本共産党,true,新,団体職員,21382,false,,false,130
r08-02-08,京都府,1,7,false,落,佐々木たかし,佐々木隆吏,ささき,43,,日本維新の会,日本維新の会,true,新,会社役員,26147,true,33.479,false,130
r08-02-08,京都府,1,8,false,落,浜田聡,,はまださとし,48,,（日本自由党）,日本自由党,false,新,医師,12885,false,,false,130
r08-02-08,京都府,2,1,false,落,フジタ洋司,藤田洋司,ようじ,46,,自由民主党,自由民主党,true,新,選挙区支部長,36891,true,74.655,false,130
r08-02-08,京都府,2,2,false,落,辻󠄀村ちひろ,辻󠄀村千尋,つじむら,58,,れいわ新選組,れいわ新選組,true,新,自然保護活動家,4016,false,,false,130
r08-02-08,京都府,2,3,false,落,堀川あきこ,堀川朗子,ほりかわ,39,,日本共産党,日本共産党,true,前,党災害対策本部事務局長,18847,true,38.140,false,130
r08-02-08,京都府,2,4,false,落,河野ゆりこ,河野有里子,こうの,28,,中道改革連合,中道改革連合,true,新,大学非常勤講師,18185,true,36.800,false,130
r08-02-08,京都府,2,5,false,落,酒井ゆうすけ,酒井勇輔,さかい,29,,チームみらい,チームみらい,true,新,ＩＴ戦略コンサルタント業,11178,true,,true,130
r08-02-08,京都府,2,6,true,当,まえはら誠司,前原誠司,せいじ,63,,日本維新の会,日本維新の会,true,前,政党役員,49415,true,100.000,false,130
r08-02-08,京都府,3,1,false,落,樋󠄂口さとる,樋󠄂口智,ひぐち,55,,参政党,参政党,true,新,会社員,12951,false,,false,130
r08-02-08,京都府,3,2,false,落,木村もとき,木村元紀,きむら,47,,日本維新の会,日本維新の会,true,新,公認会計士,27484,true,40.103,false,130
r08-02-08,京都府,3,3,false,落,西山のぶひで,西山頌秀,にしやま,39,,日本共産党,日本共産党,true,新,党伏見地区委員長代理,15670,false,,false,130
r08-02-08,京都府,3,4,false,落,しげもとまもる,繁本護,,53,,自由民主党,自由民主党,true,元,選挙区支部長,62406,true,91.059,false,130
r08-02-08,京都府,3,5,true,当,泉ケンタ,泉健太,いずみ,51,,中道改革連合,中道改革連合,true,前,政党役員,68533,true,100.000,false,130
r08-02-08,京都府,4,1,false,落,吉田幸一,,よしだこういち,51,,日本共産党,日本共産党,true,新,日本共産党役員,50690,false,,false,130
r08-02-08,京都府,4,2,true,当,北神けいろう,北神圭朗,きたがみ,59,,自由民主党,自由民主党,true,前,選挙区支部長,142149,true,100.000,false,130
r08-02-08,京都府,5,1,true,当,本田太郎,,ほんだたろう,52,,自由民主党,自由民主党,true,前,弁護士,84865,true,100.000,false,130
r08-02-08,京都府,5,2,false,落,山内健,,やまうちけん,58,,日本共産党,日本共産党,true,新,党中丹地区委員長,25363,false,,false,130
r08-02-08,京都府,6,1,false,落,大奈,曽賀野宏美,だいな,57,,参政党,参政党,true,新,マルチタレント,24530,false,,false,131
r08-02-08,京都府,6,2,false,落,やまのい和則,山井和則,かずのり,64,,中道改革連合,中道改革連合,true,前,政党役員,91922,true,74.026,false,131
r08-02-08,京都府,6,3,false,落,かみじょう亮一,上條亮一,りょういち,39,,日本共産党,日本共産党,true,新,京都６区国政委員長,18782,false,,false,131
r08-02-08,京都府,6,4,true,当,そのさき弘道,園﨑弘道,ひろみち,45,,自由民主党,自由民主党,true,新,選挙区支部長,124175,true,100.000,false,131
r08-02-08,大阪府,1,1,true,当,井上英孝,,いのうえひでたか,54,,日本維新の会,日本維新の会,true,前,政党役員,93383,true,100.000,false,131
r08-02-08,大阪府,1,2,false,落,竹内よしのり,竹内祥倫,たけうち,44,,日本共産党,日本共産党,true,新,党衆議院大阪１区国政対策委員長,18444,false,,false,131
r08-02-08,大阪府,1,3,false,落,中村ゆき,中村由紀,なかむら,44,,参政党,参政党,true,新,介護職員,27950,false,,false,131
r08-02-08,大阪府,1,4,false,落,塩野ともお,塩野智郎,しおの,47,,国民民主党,国民民主党,true,新,会社役員,27902,true,29.879,false,131
r08-02-08,大阪府,1,5,false,落,大西ひろゆき,大西宏幸,おおにし,58,,自由民主党,自由民主党,true,元,選挙区支部長,64483,true,69.052,false,131
r08-02-08,大阪府,2,1,false,落,小川陽太,,おがわようた,48,,日本共産党,日本共産党,true,新,党大阪２区国政対策委員長,28925,false,,false,131
r08-02-08,大阪府,2,2,false,落,石橋あつし,石橋篤史,いしばし,47,,参政党,参政党,true,新,会社員,36999,false,,false,131
r08-02-08,大阪府,2,3,false,落,守島正,,もりしまただし,44,,（無所属）,無所属,false,前,会社役員,40672,false,,false,131
r08-02-08,大阪府,2,4,true,当,高見りょう,髙見亮,たかみ,47,,日本維新の会,日本維新の会,true,新,会計士,115244,true,100.000,false,131
r08-02-08,大阪府,3,1,false,落,柳本あきら,栁本顕,やなぎもと,52,,自由民主党,自由民主党,true,元,選挙区支部長,45715,true,60.580,false,131
r08-02-08,大阪府,3,2,true,当,東とおる,東徹,あずま,59,,日本維新の会,日本維新の会,true,前,社会福祉士,75462,true,100.000,false,131
r08-02-08,大阪府,3,3,false,落,わたなべ結,渡部結,ゆい,44,,日本共産党,日本共産党,true,新,党准中央委員,16758,false,,false,131
r08-02-08,大阪府,3,4,false,落,山室たかふみ,山室貴史,やまむろ,34,,参政党,参政党,true,新,自営業,18345,false,,false,131
r08-02-08,大阪府,3,5,false,落,宇都宮ゆうこ,宇都宮優子,うつのみや,49,,中道改革連合,中道改革連合,true,新,作曲家,30714,true,40.701,false,131
r08-02-08,大阪府,4,1,false,落,中山泰秀,,なかやまやすひで,55,,自由民主党,自由民主党,true,元,選挙区支部長,71040,true,81.366,false,131
r08-02-08,大阪府,4,2,false,落,橋口かずや,橋口和矢,はしぐち,56,,（無所属連合）,無所属連合,false,新,会社役員,4299,false,,false,131
r08-02-08,大阪府,4,3,false,落,藤田みき,藤田美季,ふじた,59,,参政党,参政党,true,新,政党役員,24019,false,,false,131
r08-02-08,大阪府,4,4,false,落,岡本ただし,岡本忠志,おかもと,58,,国民民主党,国民民主党,true,新,会社役員,28240,true,32.344,false,131
r08-02-08,大阪府,4,5,false,落,山田みのり,,やまだ,49,,日本共産党,日本共産党,true,新,団体職員,19832,false,,false,131
r08-02-08,大阪府,4,6,true,当,ミノベテルオ,美延映夫,,64,,日本維新の会,日本維新の会,true,前,自営業,87309,true,100.000,false,131
r08-02-08,大阪府,5,1,true,当,梅村さとし,梅村聡,うめむら,50,,日本維新の会,日本維新の会,true,前,医師,93472,true,100.000,false,131
r08-02-08,大阪府,5,2,false,落,大石あきこ,大石晃子,おおいし,48,,れいわ新選組,れいわ新選組,true,前,政党役員,19867,true,,true,131
r08-02-08,大阪府,5,3,false,落,前田ひでみち,前田英倫,まえだ,51,,国民民主党,国民民主党,true,新,弁護士,24018,true,25.695,false,132
r08-02-08,大阪府,5,4,false,落,松山けいこ,松山恵子,まつやま,52,,参政党,参政党,true,新,パート勤務,18421,false,,false,132
r08-02-08,大阪府,5,5,false,落,みなと隆介,湊隆介,りゅうすけ,42,,日本共産党,日本共産党,true,新,会社員,15854,false,,false,132
r08-02-08,大阪府,5,6,false,落,杉田みお,杉田水脈,すぎた,58,,自由民主党,自由民主党,true,元,選挙区支部長,48051,true,51.406,false,132
r08-02-08,大阪府,6,1,false,落,亀井あつし,亀井淳,かめい,68,,日本共産党,日本共産党,true,新,無職,12899,false,,false,132
r08-02-08,大阪府,6,2,true,当,西田薫,,にしだかおる,58,,日本維新の会,日本維新の会,true,前,会社役員,87431,true,100.000,false,132
r08-02-08,大阪府,6,3,false,落,月足まいこ,月足舞子,つきあし,35,,参政党,参政党,true,新,派遣社員,24635,false,,false,132
r08-02-08,大阪府,6,4,false,落,永井まさし,永井正史,ながい,48,,自由民主党,自由民主党,true,新,選挙区支部長,42619,true,48.745,false,132
r08-02-08,大阪府,6,5,false,落,阪本洋三,,さかもとひろみ,64,,中道改革連合,中道改革連合,true,新,演出家,37890,true,43.337,false,132
r08-02-08,大阪府,7,1,false,落,かわそえたつま,川添健真,,43,,日本共産党,日本共産党,true,新,党大阪７区国政対策委員長,28167,false,,false,132
r08-02-08,大阪府,7,2,false,落,石川勝,,いしかわまさる,57,,参政党,参政党,true,新,会社役員,30439,true,34.494,false,132
r08-02-08,大阪府,7,3,true,当,奥下たけみつ,奥下剛光,おくした,50,,日本維新の会,日本維新の会,true,前,自営業,88242,true,100.000,false,132
r08-02-08,大阪府,7,4,false,落,とかしきなおみ,渡嘉敷奈緒美,,63,,自由民主党,自由民主党,true,元,選挙区支部長,78582,true,89.052,false,132
r08-02-08,大阪府,8,1,false,落,平川せつよ,平川節代,ひらかわ,77,,日本共産党,日本共産党,true,新,党大阪８区国政対策委員,22319,false,,false,132
r08-02-08,大阪府,8,2,false,落,こうらい啓一郎,髙麗啓一郎,けいいちろう,45,,自由民主党,自由民主党,true,新,選挙区支部長,77688,true,83.366,false,132
r08-02-08,大阪府,8,3,false,落,佐藤じゅん,竹腰潤,さとう,50,,国民民主党,国民民主党,true,新,政党役員,29080,true,31.205,false,132
r08-02-08,大阪府,8,4,true,当,うるま譲司,漆間譲司,じょうじ,51,,日本維新の会,日本維新の会,true,前,会社役員,93189,true,100.000,false,132
r08-02-08,大阪府,8,5,false,落,さかきばら美礼,榊󠄂原美礼,みれい,49,,参政党,参政党,true,新,ツアー添乗員,19206,false,,false,132
r08-02-08,大阪府,9,1,false,落,西尾けいご,西尾慧吾,にしお,27,,社会民主党,社会民主党,true,新,政党役員,30493,true,29.835,false,132
r08-02-08,大阪府,9,2,true,当,はぎ原けい,萩󠄂原佳,はら,48,,日本維新の会,日本維新の会,true,前,会計士,102204,true,100.000,false,132
r08-02-08,大阪府,9,3,false,落,東田じゅんぺい,東田淳平,ひがしだ,43,,自由民主党,自由民主党,true,新,選挙区支部長,79259,true,77.549,false,132
r08-02-08,大阪府,10,1,true,当,池下卓,,いけしたたく,50,,日本維新の会,日本維新の会,true,前,税理士,86557,true,100.000,false,132
r08-02-08,大阪府,10,2,false,落,尾辻󠄂かな子,,おつじこ,51,,中道改革連合,中道改革連合,true,前,社会福祉士,50324,true,58.139,false,132
r08-02-08,大阪府,10,3,false,落,かのう陽之助,加納陽之助,ようのすけ,45,,自由民主党,自由民主党,true,新,選挙区支部長,38442,true,44.412,false,132
r08-02-08,大阪府,10,4,false,落,井上ともや,井上誠也,いのうえ,29,,参政党,参政党,true,新,会社員,16751,false,,false,132
r08-02-08,大阪府,11,1,false,落,山岡さとみ,山岡智美,やまおか,52,,参政党,参政党,true,新,歯科技工士,21753,false,,false,132
r08-02-08,大阪府,11,2,false,落,村上のりあつ,村上賀厚,むらかみ,66,,中道改革連合,中道改革連合,true,新,会社役員,38540,true,33.975,false,133
r08-02-08,大阪府,11,3,false,落,松本直高,,まつもとなおたか,53,,自由民主党,自由民主党,true,新,選挙区支部長,41809,true,36.856,false,133
r08-02-08,大阪府,11,4,true,当,中司宏,,なかつかひろし,69,,日本維新の会,日本維新の会,true,前,政治団体役員,113436,true,100.000,false,133
r08-02-08,大阪府,11,5,false,落,北尾まなぶ,北尾学,きたお,56,,日本共産党,日本共産党,true,新,党大阪１１区国政対策委員長,14310,false,,false,133
r08-02-08,大阪府,12,1,false,落,太田とおる,太田徹,おおた,57,,日本共産党,日本共産党,true,新,党大阪１２区国政対策委員長,12082,false,,false,133
r08-02-08,大阪府,12,2,true,当,藤田文武,,ふじたふみたけ,45,,日本維新の会,日本維新の会,true,前,会社役員,88775,false,,false,133
r08-02-08,大阪府,12,3,false,落,たるとこ伸二,樽󠄂床伸二,しんじ,66,,中道改革連合,中道改革連合,true,元,会社役員,37976,true,42.777,false,133
r08-02-08,大阪府,12,4,false,落,北川晋平,谷岡晋平,きたかわしんぺい,38,,自由民主党,自由民主党,true,新,選挙区支部長,38167,true,42.992,false,133
r08-02-08,大阪府,13,1,false,落,むねきよ皇一,宗清皇一,こういち,55,,自由民主党,自由民主党,true,元,選挙区支部長,65193,true,84.192,false,133
r08-02-08,大阪府,13,2,false,落,たからいてるみ,寶井晃美,,62,,日本共産党,日本共産党,true,新,看護師,10197,false,,false,133
r08-02-08,大阪府,13,3,false,落,やはた愛,八幡愛,あい,38,,れいわ新選組,れいわ新選組,true,前,タレント,10097,true,,true,133
r08-02-08,大阪府,13,4,false,落,ホンダ平直,本多平直,ひらなお,61,,中道改革連合,中道改革連合,true,元,無職,26573,true,34.317,false,133
r08-02-08,大阪府,13,5,true,当,岩谷良平,,いわたにりょうへい,45,,日本維新の会,日本維新の会,true,前,行政書士,77433,true,100.000,false,133
r08-02-08,大阪府,13,6,false,落,立岡あきつな,立岡昭是,たつおか,32,,参政党,参政党,true,新,飲食業,14949,false,,false,133
r08-02-08,大阪府,14,1,false,落,内藤こういち,内藤耕一,ないとう,51,,日本共産党,日本共産党,true,新,団体職員,29935,false,,false,133
r08-02-08,大阪府,14,2,false,落,おだち源幸,尾立源幸,もとゆき,62,,自由民主党,自由民主党,true,新,選挙区支部長,58573,true,48.387,false,133
r08-02-08,大阪府,14,3,true,当,あおやぎ仁士,青柳仁士,ひとし,47,,日本維新の会,日本維新の会,true,前,政党役員,121049,true,100.000,false,133
r08-02-08,大阪府,15,1,false,落,島田ともあき,島田智明,しまだ,56,,自由民主党,自由民主党,true,前,選挙区支部長,73378,true,79.544,false,133
r08-02-08,大阪府,15,2,false,落,平山たかし,平山貴士,ひらやま,52,,日本共産党,日本共産党,true,新,団体職員,26929,false,,false,133
r08-02-08,大阪府,15,3,true,当,うらの靖人,浦野靖人,やすと,52,,日本維新の会,日本維新の会,true,前,無職,92248,true,100.000,false,133
r08-02-08,大阪府,16,1,false,落,はだはるひさ,葉田治央,,46,,自由民主党,自由民主党,true,新,会社社長,36006,true,49.280,false,133
r08-02-08,大阪府,16,2,true,当,黒田まさき,黒田征樹,くろだ,46,,日本維新の会,日本維新の会,true,前,政治団体役員,73063,true,100.000,false,133
r08-02-08,大阪府,16,3,false,落,森山浩行,,もりやまひろゆき,54,,中道改革連合,中道改革連合,true,前,株式会社森山情報総合研究所代表取締役,47844,true,65.483,false,133
r08-02-08,大阪府,16,4,false,落,池上和日子,,いけがみわかこ,41,,参政党,参政党,true,新,パート勤務,20249,true,27.714,false,133
r08-02-08,大阪府,17,1,false,落,井上みつよし,井上光吉,いのうえ,79,,日本共産党,日本共産党,true,新,無職,18380,false,,false,133
r08-02-08,大阪府,17,2,false,落,とうもと和美,東本和美,かずみ,49,,参政党,参政党,true,新,会社員,20464,false,,false,133
r08-02-08,大阪府,17,3,false,落,しぎ麻美,信貴麻美,あさみ,38,,自由民主党,自由民主党,true,新,選挙区支部長,42715,true,54.509,false,134
r08-02-08,大阪府,17,4,true,当,馬場伸幸,,ばばのぶゆき,61,,日本維新の会,日本維新の会,true,前,政党役員,78362,false,,false,134
r08-02-08,大阪府,18,1,false,落,馬場ひでき,馬場英樹,ばば,53,,日本共産党,日本共産党,true,新,政党役員,27906,false,,false,134
r08-02-08,大阪府,18,2,false,落,内田たかつぐ,内田隆嗣,うちだ,47,,自由民主党,自由民主党,true,新,選挙区支部長,58889,true,48.290,false,134
r08-02-08,大阪府,18,3,true,当,遠藤たかし,遠藤敬,えんどう,57,,日本維新の会,日本維新の会,true,前,政治団体役員,121948,true,100.000,false,134
r08-02-08,大阪府,19,1,true,当,谷川とむ,谷川與秀,たにがわ,49,,自由民主党,自由民主党,true,元,選挙区支部長,58410,true,100.000,false,134
r08-02-08,大阪府,19,2,false,落,北村みき,,きたむら,59,,日本共産党,日本共産党,true,新,政党役員,8703,false,,false,134
r08-02-08,大阪府,19,3,false,落,松岡よしのり,松岡能礼,まつおか,31,,参政党,参政党,true,新,看護師,13399,false,,false,134
r08-02-08,大阪府,19,4,false,落,こばねまさよ,小羽根正代,,55,,中道改革連合,中道改革連合,true,新,特定社会保険労務士,20031,true,34.293,false,134
r08-02-08,大阪府,19,5,false,落,いとう信久,伊東信久,のぶひさ,62,,日本維新の会,日本維新の会,true,前,医師,57697,true,98.779,false,134
r08-02-08,兵庫県,1,1,false,落,ふじすえひろみ,藤末浩美,,65,,日本共産党,日本共産党,true,新,臨床検査技師,11283,false,,false,134
r08-02-08,兵庫県,1,2,false,落,原やすひこ,原弥彦,はら,43,,参政党,参政党,true,新,自営業（フィットネススタジオ代表）,20877,false,,false,134
r08-02-08,兵庫県,1,3,false,落,いさか信彦,井坂信彦,のぶひこ,51,,中道改革連合,中道改革連合,true,前,行政書士,69111,true,94.389,false,134
r08-02-08,兵庫県,1,4,true,当,もりやま正仁,盛山正仁,まさひと,72,,自由民主党,自由民主党,true,元,選挙区支部長,73219,true,100.000,false,134
r08-02-08,兵庫県,1,5,false,落,一谷勇一郎,,いちたにゆういちろう,51,,日本維新の会,日本維新の会,true,元,株式会社ライフケア代表取締役,44364,true,60.590,false,134
r08-02-08,兵庫県,2,1,false,落,いむらひろこ,井村弘子,,79,,日本共産党,日本共産党,true,新,無職,13141,false,,false,134
r08-02-08,兵庫県,2,2,false,落,ふなかわ治郎,舩川治郎,じろう,58,,中道改革連合,中道改革連合,true,新,中道改革連合兵庫県第２区総支部長,46308,true,55.804,false,134
r08-02-08,兵庫県,2,3,true,当,阿部けいし,阿部圭史,あべ,39,,日本維新の会,日本維新の会,true,前,医師,82982,true,100.000,false,134
r08-02-08,兵庫県,2,4,false,落,坊やすなが,坊恭寿,ぼう,58,,（無所属）,無所属,false,新,保護司,41929,false,,false,134
r08-02-08,兵庫県,3,1,false,落,向山好一,,むこやまこういち,68,,国民民主党,国民民主党,true,前,国民民主党兵庫県総支部連合会代表,34177,true,45.687,false,134
r08-02-08,兵庫県,3,2,false,落,かとうけんじ,加藤健二,,66,,日本共産党,日本共産党,true,新,日本共産党神戸西地区委員会職員,16262,false,,false,134
r08-02-08,兵庫県,3,3,true,当,せきよしひろ,関芳弘,,60,,自由民主党,自由民主党,true,前,選挙区支部長,74806,true,100.000,false,134
r08-02-08,兵庫県,3,4,false,落,和田有一朗,,わだゆういちろう,61,,日本維新の会,日本維新の会,true,前,社会福祉法人よつば福祉会理事,34272,true,45.814,false,134
r08-02-08,兵庫県,4,1,false,落,ひびゆうこ,日比優子,,66,,日本共産党,日本共産党,true,新,無職,16081,false,,false,134
r08-02-08,兵庫県,4,2,false,落,中山たかし,中山高志,なかやま,54,,中道改革連合,中道改革連合,true,新,広告プランナー,49187,true,33.337,false,134
r08-02-08,兵庫県,4,3,true,当,ふじいひさゆき,藤井比早之,,54,,自由民主党,自由民主党,true,前,自由民主党兵庫県第四選挙区支部長,147544,true,100.000,false,134
r08-02-08,兵庫県,5,1,false,落,遠藤良太,,えんどうりょうた,41,,日本維新の会,日本維新の会,true,元,モジャロ株式会社代表取締役,54784,true,58.591,false,135
r08-02-08,兵庫県,5,2,true,当,谷公一,,たにこういち,74,,自由民主党,自由民主党,true,前,選挙区支部長,93501,false,,false,135
r08-02-08,兵庫県,5,3,false,落,かわとやすし,川戸康嗣,,50,,中道改革連合,中道改革連合,true,新,株式会社スタープロジェクト代表取締役社長,38936,true,41.642,false,135
r08-02-08,兵庫県,5,4,false,落,村岡みねお,村岡峰男,むらおか,77,,日本共産党,日本共産党,true,新,農業,10090,false,,false,135
r08-02-08,兵庫県,5,5,false,落,高橋ひであき,高橋秀彰,たかはし,43,,（無所属連合）,無所属連合,false,新,農業,12530,false,,false,135
r08-02-08,兵庫県,6,1,false,落,谷浩一郎,,たにこういちろう,44,,参政党,参政党,true,新,同志社女子大学嘱託講師,26935.409,true,29.456,false,135
r08-02-08,兵庫県,6,2,false,落,吉見秋彦,,よしみあきひこ,51,,日本共産党,日本共産党,true,新,日本共産党阪神北地区委員長,10809,false,,false,135
r08-02-08,兵庫県,6,3,false,落,いちむら浩一郎,市村浩一郎,こういちろう,61,,日本維新の会,日本維新の会,true,前,公益財団法人東京コミュニティ財団理事長,63444.590,true,69.383,false,135
r08-02-08,兵庫県,6,4,true,当,大串まさき,大串正樹,おおぐし,60,,自由民主党,自由民主党,true,前,西部文理大学客員教授,91440,true,100.000,false,135
r08-02-08,兵庫県,6,5,false,落,桜井シュウ,櫻井周,さくらい,55,,中道改革連合,中道改革連合,true,前,弁理士,58565,true,64.047,false,135
r08-02-08,兵庫県,7,1,true,当,やまだ賢司,山田賢司,けんじ,59,,自由民主党,自由民主党,true,前,選挙区支部長,112151,true,100.000,false,135
r08-02-08,兵庫県,7,2,false,落,さかいりょう,酒井遼,,25,,参政党,参政党,true,新,株式会社ｌａｓｔＢｅｔ社員,20779,false,,false,135
r08-02-08,兵庫県,7,3,false,落,平野貞雄,,ひらのさだお,69,,日本共産党,日本共産党,true,新,無職,13830,false,,false,135
r08-02-08,兵庫県,7,4,false,落,岡田さとる,岡田悟,おかだ,42,,中道改革連合,中道改革連合,true,前,株式会社ダイヤモンド社社員,46563,true,41.518,false,135
r08-02-08,兵庫県,7,5,false,落,三木けえ,三木圭恵,みき,59,,日本維新の会,日本維新の会,true,前,日本維新の会衆議院兵庫県第７選挙区支部長,71220,true,63.503,false,135
r08-02-08,兵庫県,8,1,true,当,青山繁晴,,あおやましげはる,73,,自由民主党,自由民主党,true,新,環境副大臣,85970,false,,false,135
r08-02-08,兵庫県,8,2,false,落,弘川よしえ,弘川欣絵,ひろかわ,50,,中道改革連合,中道改革連合,true,新,弁護士,42989,true,50.004,false,135
r08-02-08,兵庫県,8,3,false,落,ばんどうまさえ,板東正恵,,45,,日本共産党,日本共産党,true,新,日本共産党尼崎地区委員会常任委員,11252,false,,false,135
r08-02-08,兵庫県,8,4,false,落,徳安淳子,,とくやすじゅんこ,64,,日本維新の会,日本維新の会,true,前,無職,48094,true,55.942,false,135
r08-02-08,兵庫県,8,5,false,落,長谷川ういこ,朴羽衣子,はせがわ,44,,れいわ新選組,れいわ新選組,true,新,政策シンクタンク役員,10210,true,,true,135
r08-02-08,兵庫県,9,1,false,落,山寺たかひと,山寺崇仁,やまでら,53,,参政党,参政党,true,新,東京海上ディアール株式会社勤務,21087,false,,false,135
r08-02-08,兵庫県,9,2,true,当,西村やすとし,西村康稔,にしむら,63,,自由民主党,自由民主党,true,前,選挙区支部長,116526,true,100.000,false,135
r08-02-08,兵庫県,9,3,false,落,橋本けいご,橋本慧悟,はしもと,37,,中道改革連合,中道改革連合,true,前,中道改革連合兵庫県第９区総支部長,54607,true,46.862,false,135
r08-02-08,兵庫県,9,4,false,落,伊藤かずたか,伊藤和貴,いとう,73,,日本共産党,日本共産党,true,新,無職,7787,false,,false,135
r08-02-08,兵庫県,10,1,true,当,とかい紀三朗,渡海紀三朗,きさぶろう,77,,自由民主党,自由民主党,true,前,選挙区支部長,75309,false,,false,135
r08-02-08,兵庫県,10,2,false,落,ふじわらせいや,藤原誠也,,37,,参政党,参政党,true,新,ハレルヤ建築事務所代表,25244,false,,false,135
r08-02-08,兵庫県,10,3,false,落,奥田ふみよ,奥田芙美代,おくだ,60,,日本共産党,日本共産党,true,新,英語講師,7240,false,,false,136
r08-02-08,兵庫県,10,4,false,落,おき圭子,隱樹圭子,けいこ,54,,中道改革連合,中道改革連合,true,新,中道改革連合兵庫県第１０区総支部長,37777,true,50.162,false,136
r08-02-08,兵庫県,10,5,false,落,ほりいけんじ,掘井健智,,59,,日本維新の会,日本維新の会,true,元,無職,37907,true,50.335,false,136
r08-02-08,兵庫県,11,1,false,落,苦瓜かずしげ,苦瓜一成,にがうり,72,,日本共産党,日本共産党,true,新,無職,13712,false,,false,136
r08-02-08,兵庫県,11,2,false,落,山下さとし,山下聖,やました,41,,参政党,参政党,true,新,一般財団法人日本自動車査定協会兵庫県支社社員,18437,false,,false,136
r08-02-08,兵庫県,11,3,false,落,住吉ひろき,住吉寛紀,すみよし,41,,日本維新の会,日本維新の会,true,元,会社役員未来デザイン株式会社代表取締役,55757,true,64.765,false,136
r08-02-08,兵庫県,11,4,false,落,中原たつき,中原立貴,なかはら,35,,国民民主党,国民民主党,true,新,株式会社トモノカイマネージャー,23900,true,27.761,false,136
r08-02-08,兵庫県,11,5,true,当,山田もとやす,山田基靖,やまだ,43,,自由民主党,自由民主党,true,新,選挙区支部長,86090,true,100.000,false,136
r08-02-08,兵庫県,12,1,false,落,池畑こうたろう,池畑浩太朗,いけはた,51,,日本維新の会,日本維新の会,true,前,無職,53882,true,68.242,false,136
r08-02-08,兵庫県,12,2,true,当,山口つよし,山口壯,やまぐち,71,,自由民主党,自由民主党,true,前,無職,78957,true,100.000,false,136
r08-02-08,兵庫県,12,3,false,落,太田清幸,,おおたきよゆき,70,,日本共産党,日本共産党,true,新,日本共産党西播地区委員会職員,15935,false,,false,136
r08-02-08,奈良県,1,1,true,当,小林しげき,小林茂樹,こばやし,61,,自由民主党,自由民主党,true,前,選挙区支部長,131313,true,100.000,false,136
r08-02-08,奈良県,1,2,false,落,谷川かずひろ,谷川和広,たにがわ,47,,日本共産党,日本共産党,true,新,政党役員,9541,false,,false,136
r08-02-08,奈良県,1,3,false,落,まぶちすみお,馬淵澄夫,,65,,中道改革連合,中道改革連合,true,前,政治団体代表,64325,true,48.986,false,136
r08-02-08,奈良県,1,4,false,落,黒川ようじ,黒川洋司,くろかわ,54,,参政党,参政党,true,新,株式会社良心塾代表取締役,11181,true,,true,136
r08-02-08,奈良県,1,5,false,落,杉本あおい,杉本葵,すぎもと,34,,国民民主党,国民民主党,true,新,県連職員,29976,true,22.827,false,136
r08-02-08,奈良県,2,1,true,当,高市早苗,髙市早苗,たかいちさなえ,64,,自由民主党,自由民主党,true,前,内閣総理大臣,193708,false,,false,136
r08-02-08,奈良県,2,2,false,落,池田えい子,池田英子,いけだこ,59,,日本共産党,日本共産党,true,新,政党役員,28921,false,,false,136
r08-02-08,奈良県,3,1,false,落,太田あつし,太田敦,おおた,54,,日本共産党,日本共産党,true,新,政党役員,22018,false,,false,136
r08-02-08,奈良県,3,2,false,落,原山だいすけ,原山大亮,はらやま,49,,日本維新の会,日本維新の会,true,新,会社役員,37067,true,30.884,false,136
r08-02-08,奈良県,3,3,false,落,八木ひろあき,八木宏昌,やぎ,65,,（無所属）,無所属,false,新,無職,11868,false,,false,136
r08-02-08,奈良県,3,4,true,当,たのせ太道,田野瀬太道,たいどう,51,,自由民主党,自由民主党,true,前,選挙区支部長,120018,true,100.000,false,136
r08-02-08,和歌山県,1,1,true,当,山本だいち,山本大地,やまもと,34,,自由民主党,自由民主党,true,前,選挙区支部長,95836,true,100.000,false,136
r08-02-08,和歌山県,1,2,false,落,林元政子,,はやしもとまさこ,51,,参政党,参政党,true,新,看護師,20292,true,,true,136
r08-02-08,和歌山県,1,3,false,落,前ひさし,前久,まえ,69,,日本共産党,日本共産党,true,新,政党役員,9677,false,,false,136
r08-02-08,和歌山県,1,4,false,落,かなめゆきこ,要友紀子,,49,,中道改革連合,中道改革連合,true,新,ＮＧＯスタッフ,30208,true,31.520,false,136
r08-02-08,和歌山県,1,5,false,落,林ゆみ,熊野佑美,はやし,44,,国民民主党,国民民主党,true,前,会社役員,31352,true,32.714,false,137
r08-02-08,和歌山県,1,6,false,落,浦平よしひろ,浦平美博,うらひら,54,,日本維新の会,日本維新の会,true,新,会社役員,19067,true,,true,137
r08-02-08,和歌山県,1,7,false,落,正司武,,しょうじたけし,75,,（心の党）,心の党,false,新,歯科医師,795,false,,false,137
r08-02-08,和歌山県,2,1,true,当,せこう弘成,世耕弘成,ひろしげ,63,,（無所属）,無所属,false,前,学校法人理事長,162257,false,,false,137
r08-02-08,和歌山県,2,2,false,落,畑野よしひろ,畑野良弘,はたの,65,,日本共産党,日本共産党,true,新,政党役員,35209,false,,false,137
r08-02-08,鳥取県,1,1,false,落,塚田なるゆき,塚田成幸,つかだ,62,,日本共産党,日本共産党,true,新,政党専従,6768,false,,false,137
r08-02-08,鳥取県,1,2,false,落,豊てつや,豊哲也,ゆたか,47,,参政党,参政党,true,新,会社経営,11734,true,17.739,false,137
r08-02-08,鳥取県,1,3,false,落,やがわひろみ,博田裕美,,51,,国民民主党,国民民主党,true,新,政党役員,13364,true,20.203,false,137
r08-02-08,鳥取県,1,4,true,当,石破しげる,石破茂,いしば,69,,自由民主党,自由民主党,true,前,無職,66146,true,100.000,false,137
r08-02-08,鳥取県,2,1,false,落,福住ひでゆき,福住英行,ふくずみ,50,,日本共産党,日本共産党,true,新,政党役員,4862,false,,false,137
r08-02-08,鳥取県,2,2,false,落,湯原俊二,,ゆはらしゅんじ,63,,中道改革連合,中道改革連合,true,元,政党役員,36132,true,53.342,false,137
r08-02-08,鳥取県,2,3,true,当,赤沢りょうせい,赤澤亮正,あかざわ,65,,自由民主党,自由民主党,true,前,経済産業大臣,67736,true,100.000,false,137
r08-02-08,島根県,1,1,false,落,亀井亜紀子,,かめいあきこ,60,,中道改革連合,中道改革連合,true,前,政党役員,49867,true,73.944,false,137
r08-02-08,島根県,1,2,false,落,伊藤れいじ,伊藤礼司,いとう,42,,参政党,参政党,true,新,医師,10041,false,,false,137
r08-02-08,島根県,1,3,false,落,むらほえりこ,村穂江利子,,57,,日本共産党,日本共産党,true,新,政党役員,4978,false,,false,137
r08-02-08,島根県,1,4,true,当,たかがい恵美子,髙階恵美子,えみこ,62,,自由民主党,自由民主党,true,元,選挙区支部長,67438,true,100.000,false,137
r08-02-08,島根県,2,1,false,落,倉井克幸,,くらいかつゆき,43,,参政党,参政党,true,新,シャンソン歌手,16290,true,16.619,false,137
r08-02-08,島根県,2,2,false,落,大塚さとこ,大塚聡子,おおつか,58,,中道改革連合,中道改革連合,true,新,政党役員,35062,true,35.772,false,137
r08-02-08,島根県,2,3,true,当,高見やすひろ,髙見康裕,たかみ,45,,自由民主党,自由民主党,true,前,選挙区支部長,98015,true,100.000,false,137
r08-02-08,島根県,2,4,false,落,亀谷ゆう子,亀谷優子,かめたにこ,39,,日本共産党,日本共産党,true,新,政党役員,9999,false,,false,137
r08-02-08,岡山県,1,1,false,落,山本あのん,山本安音,やまもと,26,,参政党,参政党,true,新,飲食店経営,19002,false,,false,137
r08-02-08,岡山県,1,2,false,落,すみより聡美,住寄聡美,さとみ,42,,日本共産党,日本共産党,true,新,日本共産党岡山県委員会青年学生部長,6252,false,,false,137
r08-02-08,岡山県,1,3,false,落,原ひろし,原紘志,はら,44,,国民民主党,国民民主党,true,新,精神科医,19083,true,23.316,false,137
r08-02-08,岡山県,1,4,false,落,原田ケンスケ,原田謙介,はらだ,39,,中道改革連合,中道改革連合,true,新,政党役員,43835,true,53.559,false,137
r08-02-08,岡山県,1,5,true,当,あいさわ一郎,逢󠄃沢一郎,いちろう,71,,自由民主党,自由民主党,true,前,選挙区支部長,81844,true,100.000,false,137
r08-02-08,岡山県,2,1,true,当,山下たかし,山下貴司,やました,60,,自由民主党,自由民主党,true,前,弁護士,117527,true,100.000,false,138
r08-02-08,岡山県,2,2,false,落,余江ゆきお,余江雪央,よえ,48,,日本共産党,日本共産党,true,新,日本共産党２区国政対策委員長,7776,false,,false,138
r08-02-08,岡山県,2,3,false,落,つむらけいすけ,津村啓介,,54,,中道改革連合,中道改革連合,true,前,政党役員,66289,true,56.403,false,138
r08-02-08,岡山県,2,4,false,落,とくながたまみ,德永多真美,,35,,参政党,参政党,true,新,無職,22193,false,,false,138
r08-02-08,岡山県,3,1,true,当,加藤勝信,,かとうかつのぶ,70,,自由民主党,自由民主党,true,前,選挙区支部長,165807,true,100.000,false,138
r08-02-08,岡山県,3,2,false,落,原田あき子,原田亜希子,はらだこ,53,,日本共産党,日本共産党,true,新,党３区国政対策委員長,38533,false,,false,138
r08-02-08,岡山県,4,1,true,当,橋本がく,橋本岳,はしもと,52,,自由民主党,自由民主党,true,元,選挙区支部長,104826,true,100.000,false,138
r08-02-08,岡山県,4,2,false,落,柚木みちよし,柚木道義,ゆのき,53,,中道改革連合,中道改革連合,true,前,政党役員,65960,true,62.923,false,138
r08-02-08,岡山県,4,3,false,落,三宅さゆみ,樫崎沙侑美,みやけ,35,,国民民主党,国民民主党,true,新,理学療法士,28765,true,27.440,false,138
r08-02-08,岡山県,4,4,false,落,垣内雄一,,かきうちゆういち,61,,日本共産党,日本共産党,true,新,党倉敷地区委員長,6372,false,,false,138
r08-02-08,広島県,1,1,false,落,山田はじめ,山田肇,やまだ,36,,参政党,参政党,true,新,無職,32835,true,31.971,false,138
r08-02-08,広島県,1,2,false,落,うぶはらとしふみ,産原稔文,,58,,（無所属）,無所属,false,新,無職,3172,false,,false,138
r08-02-08,広島県,1,3,false,落,川田海栄,,かわだかいえい,28,,中道改革連合,中道改革連合,true,新,政党役員,35142,true,34.218,false,138
r08-02-08,広島県,1,4,false,落,中原つよし,中原剛,なかはら,69,,日本共産党,日本共産党,true,新,無職,8113,false,,false,138
r08-02-08,広島県,1,5,true,当,岸田文雄,,きしだふみお,68,,自由民主党,自由民主党,true,前,自由民主党広島県第一選挙区支部長,102700,true,100.000,false,138
r08-02-08,広島県,1,6,false,落,黒木貞彦,,くろきさだひこ,83,,（無所属）,無所属,false,新,税理士,1821,false,,false,138
r08-02-08,広島県,1,7,false,落,はんどう大樹,楾大樹,たいき,50,,れいわ新選組,れいわ新選組,true,新,弁護士,8809,true,,true,138
r08-02-08,広島県,2,1,true,当,平口ひろし,平口洋,ひらぐち,77,,自由民主党,自由民主党,true,前,自由民主党広島県第二選挙区支部長,94750,false,,false,138
r08-02-08,広島県,2,2,false,落,佐藤ゆきこ,佐々木由紀子,さとう,50,,参政党,参政党,true,新,会社員,20123,false,,false,138
r08-02-08,広島県,2,3,false,落,福田玄,,ふくだげん,44,,国民民主党,国民民主党,true,前,政党役員,53893,true,56.879,false,138
r08-02-08,広島県,2,4,false,落,岡田ひろみ,岡田博美,おかだ,66,,日本共産党,日本共産党,true,新,政党職員,14510,false,,false,138
r08-02-08,広島県,3,1,false,落,玉田のりたか,玉田憲勲,たまだ,68,,（無所属）,無所属,false,新,医療法人ひまわり会桐陽台医院院長（理事長）,3656,false,,false,138
r08-02-08,広島県,3,2,false,落,あずまかつや,東克哉,,44,,中道改革連合,中道改革連合,true,前,理学療法士,57975,true,57.771,false,138
r08-02-08,広島県,3,3,false,落,田中じゅんこ,田中淳子,たなか,41,,参政党,参政党,true,新,会社員,25253,false,,false,138
r08-02-08,広島県,3,4,true,当,石橋林太郎,,いしばしりんたろう,47,,自由民主党,自由民主党,true,前,自由民主党広島県第三選挙区支部長,100352,true,100.000,false,138
r08-02-08,広島県,3,5,false,落,高松ふみ子,高松史子,たかまつこ,58,,日本共産党,日本共産党,true,新,団体職員,8147,false,,false,138
r08-02-08,広島県,4,1,true,当,新谷まさよし,新谷正義,しんたに,50,,自由民主党,自由民主党,true,前,自由民主党広島県衆議院比例区第三支部長,89563,true,100.000,false,139
r08-02-08,広島県,4,2,false,落,空本せいき,空本誠喜,そらもと,61,,日本維新の会,日本維新の会,true,前,会社役員,39599,false,,false,139
r08-02-08,広島県,4,3,false,落,鍋島せり,鍋島勢理,なべしま,34,,国民民主党,国民民主党,true,新,会社役員,61335,true,68.482,false,139
r08-02-08,広島県,5,1,true,当,山本しん,山本深,やまもと,40,,自由民主党,自由民主党,true,新,自由民主党広島県第五選挙区支部長,78649,true,100.000,false,139
r08-02-08,広島県,5,2,false,落,佐藤こうじ,佐藤公治,さとう,66,,中道改革連合,中道改革連合,true,前,政党役員,67715,true,86.097,false,139
r08-02-08,広島県,5,3,false,落,いのはら真弓,猪原真弓,まゆみ,65,,日本共産党,日本共産党,true,新,無職,8726,false,,false,139
r08-02-08,広島県,6,1,false,落,高木たけし,髙木武志,たかぎ,74,,日本共産党,日本共産党,true,新,無職,9505,false,,false,139
r08-02-08,広島県,6,2,true,当,小林史明,,こばやしふみあき,42,,自由民主党,自由民主党,true,前,自由民主党広島県第六選挙区支部長,119827,true,100.000,false,139
r08-02-08,広島県,6,3,false,落,はたともこ,,,59,,中道改革連合,中道改革連合,true,新,薬剤師,49469,true,41.283,false,139
r08-02-08,山口県,1,1,false,落,やまさきたまえ,山﨑珠江,,47,,参政党,参政党,true,新,英語教室代表,32352,true,26.013,false,139
r08-02-08,山口県,1,2,false,落,のだきよし,野田陽志,,49,,国民民主党,国民民主党,true,新,団体役員,39108,true,31.446,false,139
r08-02-08,山口県,1,3,true,当,高村正大,,こうむらまさひろ,55,,自由民主党,自由民主党,true,前,選挙区支部長,124364,true,100.000,false,139
r08-02-08,山口県,2,1,false,落,平岡秀夫,,ひらおかひでお,72,,中道改革連合,中道改革連合,true,前,弁護士,80741,true,60.978,false,139
r08-02-08,山口県,2,2,true,当,岸のぶちよ,岸信千世,きし,34,,自由民主党,自由民主党,true,前,自由民主党山口県第二選挙区支部支部長,132409,true,100.000,false,139
r08-02-08,山口県,3,1,true,当,林よしまさ,林芳正,はやし,65,,自由民主党,自由民主党,true,前,選挙区支部長,113502,true,100.000,false,139
r08-02-08,山口県,3,2,false,落,しのだ知宏,篠田知宏,ともひろ,56,,中道改革連合,中道改革連合,true,新,個人事業主,22915,true,20.189,false,139
r08-02-08,山口県,3,3,false,落,伊藤博文,,いとうひろふみ,57,,日本維新の会,日本維新の会,true,新,会社役員,14697,true,,true,139
r08-02-08,山口県,3,4,false,落,ふきあげ政子,吹上政子,まさこ,70,,日本共産党,日本共産党,true,新,日本共産党山口県西部地区委員長,7149,false,,false,139
r08-02-08,山口県,3,5,false,落,しまむらかおる,島村薫,,50,,参政党,参政党,true,新,自営業（ミストサウナサービス）,23266,true,20.498,false,139
r08-02-08,徳島県,1,1,false,落,吉田知代,,よしだともよ,50,,日本維新の会,日本維新の会,true,元,政治団体役員,16040,true,,true,139
r08-02-08,徳島県,1,2,true,当,仁木博文,,にきひろぶみ,59,,自由民主党,自由民主党,true,前,選挙区支部長,107440,true,100.000,false,139
r08-02-08,徳島県,1,3,false,落,高橋えい,高橋永,たかはし,50,,中道改革連合,中道改革連合,true,前,政党役員,46960,true,43.708,false,139
r08-02-08,徳島県,1,4,false,落,かめいちはる,亀井千春,,50,,参政党,参政党,true,新,有限会社亀吉製麺役員,14154,false,,false,139
r08-02-08,徳島県,2,1,true,当,山口俊一,,やまぐちしゅんいち,75,,自由民主党,自由民主党,true,前,選挙区支部長,64980,false,,false,139
r08-02-08,徳島県,2,2,false,落,はま共生,濵共生,きょうせい,44,,日本共産党,日本共産党,true,新,日本共産党徳島県委員,6504,false,,false,139
r08-02-08,徳島県,2,3,false,落,飯泉かもん,飯泉嘉門,いいずみ,65,,国民民主党,国民民主党,true,新,政党役員,36629,true,56.369,false,140
r08-02-08,徳島県,2,4,false,落,北島一人,,きたじまかずと,54,,（無所属）,無所属,false,新,徳島県議会議員,25705,false,,false,140
r08-02-08,香川県,1,1,true,当,小川じゅんや,小川淳也,おがわ,54,,中道改革連合,中道改革連合,true,前,政党役員,73237,true,100.000,false,140
r08-02-08,香川県,1,2,false,落,平井卓也,,ひらいたくや,68,,自由民主党,自由民主党,true,前,自由民主党香川県第一選挙区支部長,72408,true,98.868,false,140
r08-02-08,香川県,1,3,false,落,道川かずき,道川和樹,みちかわ,30,,参政党,参政党,true,新,会社員,19364,false,,false,140
r08-02-08,香川県,1,4,false,落,長尾まさき,長尾真希,ながお,37,,日本共産党,日本共産党,true,新,政党職員,5133,false,,false,140
r08-02-08,香川県,2,1,true,当,たまき雄一郎,玉木雄一郎,ゆういちろう,56,,国民民主党,国民民主党,true,前,国民民主党代表,82752,false,,false,140
r08-02-08,香川県,2,2,false,落,せと隆一,瀬戸隆一,たかかず,60,,自由民主党,自由民主党,true,前,自由民主党香川県第二選挙区支部長,46747,true,56.490,false,140
r08-02-08,香川県,2,3,false,落,秋山ゆりこ,秋山友理子,あきやま,41,,参政党,参政党,true,新,無職,8605,false,,false,140
r08-02-08,香川県,3,1,false,落,川崎ともみつ,川崎智光,かわさき,44,,国民民主党,国民民主党,true,新,政党役員,36043,true,50.389,false,140
r08-02-08,香川県,3,2,true,当,大野敬太郎,,おおのけいたろう,57,,自由民主党,自由民主党,true,前,自由民主党香川県第三選挙区支部長,71529,true,100.000,false,140
r08-02-08,香川県,3,3,false,落,細川修平,,ほそかわしゅうへい,51,,日本維新の会,日本維新の会,true,新,政治団体役員,13440,true,18.789,false,140
r08-02-08,愛媛県,1,1,false,落,しのとうあい,篠藤愛,,36,,参政党,参政党,true,新,看護師,23828,false,,false,140
r08-02-08,愛媛県,1,2,true,当,塩崎あきひさ,塩崎彰久,しおざき,49,,自由民主党,自由民主党,true,前,選挙区支部長,127770,true,100.000,false,140
r08-02-08,愛媛県,1,3,false,落,和田つかさ,和田宰,わだ,73,,日本共産党,日本共産党,true,新,政党役員,13718,false,,false,140
r08-02-08,愛媛県,1,4,false,落,いしいともえ,石井智恵,,58,,国民民主党,国民民主党,true,前,政党役員,46245,true,36.193,false,140
r08-02-08,愛媛県,2,1,true,当,井原たくみ,井原巧,いはら,62,,自由民主党,自由民主党,true,元,選挙区支部長,100438,true,100.000,false,140
r08-02-08,愛媛県,2,2,false,落,原田しんたろう,原田慎太郎,はらだ,36,,参政党,参政党,true,新,参政党職員,25895,true,25.782,false,140
r08-02-08,愛媛県,2,3,false,落,白石洋一,,しらいしよういち,62,,中道改革連合,中道改革連合,true,前,政党役員,84853,true,84.482,false,140
r08-02-08,愛媛県,3,1,true,当,長谷川じゅんじ,長谷川淳二,はせがわ,57,,自由民主党,自由民主党,true,前,選挙区支部長,119930,true,100.000,false,140
r08-02-08,愛媛県,3,2,false,落,はぎわらあきひと,萩原旭人,,40,,中道改革連合,中道改革連合,true,新,政党職員,39094,true,32.597,false,140
r08-02-08,愛媛県,3,3,false,落,西井直人,,にしいなおひと,68,,日本共産党,日本共産党,true,新,政党役員,9462,false,,false,140
r08-02-08,高知県,1,1,false,落,金城みきひろ,金城幹泰,きんじょう,43,,参政党,参政党,true,新,参政党四国ブロック事務局職員,23119,true,25.117,false,140
r08-02-08,高知県,1,2,true,当,中谷元,,なかたにげん,68,,自由民主党,自由民主党,true,前,選挙区支部長,92043,true,100.000,false,140
r08-02-08,高知県,1,3,false,落,田所ゆうすけ,田所裕介,たどころ,45,,中道改革連合,中道改革連合,true,新,中道改革連合高知県第１区総支部長,38860,true,42.219,false,140
r08-02-08,高知県,2,1,false,落,浜川ゆりこ,山本百合子,はまかわ,46,,日本共産党,日本共産党,true,新,党高知県副委員長,24115,false,,false,141
r08-02-08,高知県,2,2,true,当,おざき正直,尾﨑正直,まさなお,58,,自由民主党,自由民主党,true,前,選挙区支部長,102523,true,100.000,false,141
r08-02-08,高知県,2,3,false,落,前田強,,まえだつよし,42,,国民民主党,国民民主党,true,新,株式会社スターロードカンパニー取締役,20942,true,20.426,false,141
r08-02-08,福岡県,1,1,true,当,井上たかひろ,井上貴博,いのうえ,63,,自由民主党,自由民主党,true,前,選挙区支部長,106865,true,100.000,false,141
r08-02-08,福岡県,1,2,false,落,岩本義孝,,いわもとよしたか,57,,日本共産党,日本共産党,true,新,党東博多地区委員長,9547,false,,false,141
r08-02-08,福岡県,1,3,false,落,山本ごうせい,山本剛正,やまもと,54,,日本維新の会,日本維新の会,true,元,政治団体役員,26630,true,24.919,false,141
r08-02-08,福岡県,1,4,false,落,丸尾けいすけ,丸尾圭祐,まるお,43,,中道改革連合,中道改革連合,true,前,政党役員,46236,true,43.265,false,141
r08-02-08,福岡県,1,5,false,落,よしとみ景子,吉富景子,けいこ,37,,参政党,参政党,true,新,医師,32095,false,,false,141
r08-02-08,福岡県,2,1,false,落,かんどう基裕,貫洞基裕,もとひろ,45,,日本共産党,日本共産党,true,新,党福岡県中央南地区委員長,8672,false,,false,141
r08-02-08,福岡県,2,2,true,当,おにき誠,鬼木誠,まこと,53,,自由民主党,自由民主党,true,前,選挙区支部長,136442,true,100.000,false,141
r08-02-08,福岡県,2,3,false,落,いなとみ修二,稲富修二,しゅうじ,55,,中道改革連合,中道改革連合,true,前,政党役員,76285,true,55.910,false,141
r08-02-08,福岡県,2,4,false,落,木下としゆき,木下敏之,きのした,65,,参政党,参政党,true,新,福岡大学非常勤講師,33027,true,24.205,false,141
r08-02-08,福岡県,3,1,false,落,はらが瞳,原賀瞳,ひとみ,29,,日本共産党,日本共産党,true,新,党福岡西部地区准地区委員,13417,false,,false,141
r08-02-08,福岡県,3,2,false,落,にえだ元氣,仁戸田元氣,げんき,46,,中道改革連合,中道改革連合,true,新,政党役員,59775,true,45.199,false,141
r08-02-08,福岡県,3,3,true,当,古賀あつし,古賀篤,こが,53,,自由民主党,自由民主党,true,前,選挙区支部長,132247,true,100.000,false,141
r08-02-08,福岡県,3,4,false,落,天野こう,天野浩,あまの,39,,日本維新の会,日本維新の会,true,新,無職,39753,true,30.059,false,141
r08-02-08,福岡県,4,1,false,落,このみ亮太郎,許斐亮太郎,りょうたろう,52,,国民民主党,国民民主党,true,前,政党役員,63519,true,57.460,false,141
r08-02-08,福岡県,4,2,false,落,原田ゆういち,原田祐一,はらだ,52,,参政党,参政党,true,新,自営業,32082,false,,false,141
r08-02-08,福岡県,4,3,true,当,宮内ひでき,宮内秀樹,みやうち,63,,自由民主党,自由民主党,true,前,選挙区支部長,110544,true,100.000,false,141
r08-02-08,福岡県,5,1,false,落,かわもと健一,川元健一,けんいち,46,,国民民主党,国民民主党,true,新,政党役員,52555,true,36.492,false,141
r08-02-08,福岡県,5,2,false,落,おかべよしたか,岡部吉高,,43,,参政党,参政党,true,新,会社員,32296,false,,false,141
r08-02-08,福岡県,5,3,true,当,くりはら渉,栗原渉,わたる,60,,自由民主党,自由民主党,true,前,選挙区支部長,144014,true,100.000,false,141
r08-02-08,福岡県,5,4,false,落,なす敬子,那須敬子,けいこ,66,,社会民主党,社会民主党,true,新,団体職員,21783,true,,true,141
r08-02-08,福岡県,6,1,false,落,近藤まさひこ,近藤雅彦,こんどう,51,,国民民主党,国民民主党,true,新,国民民主党福岡県第６区総支部長,55538,true,49.661,false,141
r08-02-08,福岡県,6,2,true,当,はとやま二郎,鳩山二郎,じろう,47,,自由民主党,自由民主党,true,前,衆議院支部長,111832,true,100.000,false,141
r08-02-08,福岡県,6,3,false,落,河野かずひろ,河野一弘,かわの,53,,日本共産党,日本共産党,true,新,党筑後地区常任委員,13619,false,,false,142
r08-02-08,福岡県,7,1,true,当,藤丸さとし,藤丸敏,ふじまる,66,,自由民主党,自由民主党,true,前,自民党福岡県第７選挙区支部長,95132,true,100.000,false,142
r08-02-08,福岡県,7,2,false,落,かめだ晃尚,亀田晃尚,あきひさ,54,,中道改革連合,中道改革連合,true,新,政党役員,46592,true,48.976,false,142
r08-02-08,福岡県,8,1,true,当,あそう太郎,麻生太郎,たろう,85,,自由民主党,自由民主党,true,前,政党役員,111727,false,,false,142
r08-02-08,福岡県,8,2,false,落,森田としふみ,森田俊文,もりた,62,,（無所属）,無所属,false,新,ジャーナリスト,25752,false,,false,142
r08-02-08,福岡県,8,3,false,落,沖園リエ,沖園理恵,おきぞの,51,,れいわ新選組,れいわ新選組,true,新,市民団体代表,27965,false,,false,142
r08-02-08,福岡県,9,1,false,落,山田ひろとし,紫垣博敏,やまだ,64,,日本共産党,日本共産党,true,新,党八幡戸畑遠賀地区委員長,9900,false,,false,142
r08-02-08,福岡県,9,2,false,落,三原あさと,三原朝利,みはら,48,,自由民主党,自由民主党,true,新,選挙区支部長,67073,true,66.540,false,142
r08-02-08,福岡県,9,3,false,落,大塚ひろたか,大塚弘尊,おおつか,32,,国民民主党,国民民主党,true,新,会社員,16326,true,,true,142
r08-02-08,福岡県,9,4,true,当,おがた林太郎,緒方林太郎,りんたろう,53,,（無所属）,無所属,false,前,政治団体代表,100800,false,,false,142
r08-02-08,福岡県,10,1,false,落,大石じんと,大石仁人,おおいし,40,,（無所属）,無所属,false,新,会社員,29370,false,,false,142
r08-02-08,福岡県,10,2,false,落,熊本要,,くまもとかなめ,28,,参政党,参政党,true,新,会社員,14315,false,,false,142
r08-02-08,福岡県,10,3,false,落,きいたかし,城井崇,,52,,中道改革連合,中道改革連合,true,前,政党役員,65458,true,75.815,false,142
r08-02-08,福岡県,10,4,false,落,こが邦俊,古賀邦俊,くにとし,71,,日本共産党,日本共産党,true,新,党門司小倉地区副委員長,7654,false,,false,142
r08-02-08,福岡県,10,5,true,当,吉村はるか,吉村悠,よしむら,40,,自由民主党,自由民主党,true,新,無職,86338,true,100.000,false,142
r08-02-08,福岡県,11,1,false,落,辻󠄂ともゆき,辻󠄂智之,つじ,36,,中道改革連合,中道改革連合,true,新,政党役員,19011,true,30.457,false,142
r08-02-08,福岡県,11,2,true,当,たけだ良太,武田良太,りょうた,57,,自由民主党,自由民主党,true,元,選挙区支部長,62419,true,100.000,false,142
r08-02-08,福岡県,11,3,false,落,しき玲子,志岐玲子,れいこ,72,,社会民主党,社会民主党,true,新,団体役員,5187,true,,true,142
r08-02-08,福岡県,11,4,false,落,井上なおき,井上直生,いのうえ,44,,参政党,参政党,true,新,会社員,10070,false,,false,142
r08-02-08,福岡県,11,5,false,落,村上とものぶ,村上智信,むらかみ,56,,日本維新の会,日本維新の会,true,前,経営コンサルタント,43002,true,68.892,false,142
r08-02-08,佐賀県,1,1,false,落,原口一博,,はらぐちかずひろ,66,,減税日本・ゆうこく連合,減税日本・ゆうこく連合,true,前,政党代表,83028,true,98.584,false,142
r08-02-08,佐賀県,1,2,false,落,重松たかみ,重松貴美,しげまつ,36,,参政党,参政党,true,新,株式会社役員,17229,true,,true,142
r08-02-08,佐賀県,1,3,true,当,岩田かずちか,岩田和親,いわた,52,,自由民主党,自由民主党,true,前,内閣府副大臣,84220,true,100.000,false,142
r08-02-08,佐賀県,2,1,true,当,古川やすし,古川康,ふるかわ,67,,自由民主党,自由民主党,true,前,自由民主党佐賀県第二選挙区支部支部長,106320,true,100.000,false,142
r08-02-08,佐賀県,2,2,false,落,大串ひろし,大串博志,おおぐし,60,,中道改革連合,中道改革連合,true,前,政党役員,85185,true,80.121,false,142
r08-02-08,長崎県,1,1,false,落,内田隆英,,うちだたかひで,70,,日本共産党,日本共産党,true,新,政党役員,8559,false,,false,143
r08-02-08,長崎県,1,2,false,落,松石そうへい,松石宗平,まついし,50,,参政党,参政党,true,新,小売業店経営,10426,false,,false,143
r08-02-08,長崎県,1,3,false,落,浅田ますみ,浅田眞澄美,あさだ,59,,自由民主党,自由民主党,true,新,介護福祉士,52794,true,56.205,false,143
r08-02-08,長崎県,1,4,false,落,山田博司,,やまだひろし,55,,日本維新の会,日本維新の会,true,新,日本維新の会長崎県総支部幹事長,13363,true,,true,143
r08-02-08,長崎県,1,5,true,当,西岡秀子,,にしおかひでこ,61,,国民民主党,国民民主党,true,前,政党役員,93931,true,100.000,false,143
r08-02-08,長崎県,2,1,false,落,山田勝彦,,やまだかつひこ,46,,中道改革連合,中道改革連合,true,前,株式会社やまびこ学苑代表取締役社長,72951,true,57.554,false,143
r08-02-08,長崎県,2,2,false,落,髙木さとこ,髙木聡子,たかき,44,,参政党,参政党,true,新,特定非営利活動法人オルタナティブスクールにじの木代表,25481,false,,false,143
r08-02-08,長崎県,2,3,true,当,加藤竜祥,,かとうりゅうしょう,45,,自由民主党,自由民主党,true,前,自由民主党長崎県第二選挙区支部長,126751,true,100.000,false,143
r08-02-08,長崎県,3,1,true,当,金子容三,,かねこようぞう,43,,自由民主党,自由民主党,true,前,内閣府大臣政務官,133418,true,100.000,false,143
r08-02-08,長崎県,3,2,false,落,田﨑こうた,田﨑耕太,たさき,43,,中道改革連合,中道改革連合,true,新,くらしのパートナー代表,51525,true,38.619,false,143
r08-02-08,熊本県,1,1,false,落,山口誠太郎,,やまぐちせいたろう,36,,参政党,参政党,true,新,税理士事務所職員,28055,false,,false,143
r08-02-08,熊本県,1,2,true,当,木原みのる,木原稔,きはら,56,,自由民主党,自由民主党,true,前,自由民主党熊本県第一選挙区支部長,144036,true,100.000,false,143
r08-02-08,熊本県,1,3,false,落,かまたさとる,鎌田聡,,61,,中道改革連合,中道改革連合,true,新,政党支部長,55802,true,38.741,false,143
r08-02-08,熊本県,2,1,false,落,ますだ牧子,益田牧子,まきこ,75,,日本共産党,日本共産党,true,新,団体役員,15165,false,,false,143
r08-02-08,熊本県,2,2,true,当,西野だいすけ,西野太亮,にしの,47,,自由民主党,自由民主党,true,前,自由民主党熊本県第二選挙区支部長,115583,true,100.000,false,143
r08-02-08,熊本県,2,3,false,落,前田とものり,前田智德,まえだ,47,,参政党,参政党,true,新,土地家屋調査士事務所代表,31019,false,,false,143
r08-02-08,熊本県,3,1,true,当,坂本てつし,坂本哲志,さかもと,75,,自由民主党,自由民主党,true,前,自由民主党熊本県第三選挙区支部長,116925,false,,false,143
r08-02-08,熊本県,3,2,false,落,橋村りか,,はしむら,53,,社会民主党,社会民主党,true,新,放課後児童支援員,25888,true,22.140,false,143
r08-02-08,熊本県,3,3,false,落,つるたかずよし,霍田和佳,,39,,参政党,参政党,true,新,社会福祉法人勤務,32850,false,,false,143
r08-02-08,熊本県,4,1,false,落,上田いたる,上田至,うえだ,49,,国民民主党,国民民主党,true,新,会社代表取締役社長,16403.307,true,,true,143
r08-02-08,熊本県,4,2,false,落,やがみ雅義,矢上雅義,まさよし,65,,日本維新の会,日本維新の会,true,元,会社役員,22742,true,16.049,false,143
r08-02-08,熊本県,4,3,false,落,植田たかとし,植田貴俊,うえだ,41,,参政党,参政党,true,新,自営業,17995.673,false,,false,143
r08-02-08,熊本県,4,4,false,落,もとむらくみ子,本村久美子,こ,68,,日本共産党,日本共産党,true,新,万江保育園園長,15102,false,,false,143
r08-02-08,熊本県,4,5,true,当,金子やすし,金子恭之,かねこ,64,,自由民主党,自由民主党,true,前,自由民主党熊本県第四選挙区支部長,141699,true,100.000,false,143
r08-02-08,大分県,1,1,false,落,堤じゅん太,堤淳太,つつみた,47,,国民民主党,国民民主党,true,新,政党役員,15687,true,,true,144
r08-02-08,大分県,1,2,true,当,えとう博昭,衛藤博昭,ひろあき,46,,自由民主党,自由民主党,true,新,選挙区支部長,95484,true,100.000,false,144
r08-02-08,大分県,1,3,false,落,野中しんすけ,野中慎也,のなか,39,,参政党,参政党,true,新,参政党大分県連会長,20432,true,,true,144
r08-02-08,大分県,1,4,false,落,吉良州司,,きらしゅうじ,67,,（無所属）,無所属,false,前,政治団体代表,71151,false,,false,144
r08-02-08,大分県,1,5,false,落,山下かい,山下魁,やました,49,,日本共産党,日本共産党,true,新,政党役員,9158,false,,false,144
r08-02-08,大分県,2,1,true,当,広瀬建,,ひろせけん,52,,自由民主党,自由民主党,true,前,選挙区支部長,89082,true,100.000,false,144
r08-02-08,大分県,2,2,false,落,吉川はじめ,吉川元,よしかわ,59,,中道改革連合,中道改革連合,true,前,政党役員,55817,true,62.658,false,144
r08-02-08,大分県,3,1,false,落,野中きえ,野中貴恵,のなか,41,,参政党,参政党,true,新,漫画家,15955,false,,false,144
r08-02-08,大分県,3,2,true,当,岩屋たけし,岩屋毅,いわや,68,,自由民主党,自由民主党,true,前,政党選挙区支部長,57996,true,100.000,false,144
r08-02-08,大分県,3,3,false,落,小林かやこ,小林華弥子,こばやし,58,,中道改革連合,中道改革連合,true,新,政党役員,50681,true,87.387,false,144
r08-02-08,大分県,3,4,false,落,平野雨龍,荻野鈴子,ひらのうりゅう,32,,（無所属）,無所属,false,新,政治団体代表,24260,false,,false,144
r08-02-08,大分県,3,5,false,落,岩永京子,,いわながきょうこ,64,,日本保守党,日本保守党,true,新,会社経営,18768,true,32.360,false,144
r08-02-08,宮崎県,1,1,false,落,よこたともひろ,横田朋大,,38,,日本維新の会,日本維新の会,true,新,飲食店従業員,28831,true,39.887,false,144
r08-02-08,宮崎県,1,2,false,落,しげいくにあき,滋井邦晃,,43,,参政党,参政党,true,新,パーソナルトレーナー,20153,true,27.881,false,144
r08-02-08,宮崎県,1,3,false,落,たけい俊輔,武井俊輔,しゅんすけ,50,,自由民主党,自由民主党,true,元,選挙区支部長,58167,true,80.474,false,144
r08-02-08,宮崎県,1,4,true,当,渡辺創,,わたなべそう,48,,中道改革連合,中道改革連合,true,前,政党役員,72280,true,100.000,false,144
r08-02-08,宮崎県,2,1,false,落,白江好友,,しらえよしとも,37,,日本共産党,日本共産党,true,新,党専従,6325,false,,false,144
r08-02-08,宮崎県,2,2,false,落,江藤拓,,えとうたく,65,,自由民主党,自由民主党,true,前,選挙区支部長,65630,true,88.696,false,144
r08-02-08,宮崎県,2,3,true,当,長友しんじ,長友慎治,ながとも,48,,国民民主党,国民民主党,true,前,団体役員,73994,true,100.000,false,144
r08-02-08,宮崎県,3,1,false,落,たかせだいすけ,髙瀬大介,,43,,参政党,参政党,true,新,行政書士,28148,false,,false,144
r08-02-08,宮崎県,3,2,true,当,ふるかわよしひさ,古川禎久,,60,,自由民主党,自由民主党,true,前,選挙区支部長,94868,true,100.000,false,144
r08-02-08,鹿児島県,1,1,true,当,みやじ拓馬,宮路拓馬,たくま,46,,自由民主党,自由民主党,true,前,選挙区支部長,92321,true,100.000,false,144
r08-02-08,鹿児島県,1,2,false,落,まきの俊一,牧野俊一,しゅんいち,40,,参政党,参政党,true,新,医師,27071,true,29.322,false,144
r08-02-08,鹿児島県,1,3,false,落,小山慎之介,,こやましんのすけ,42,,日本共産党,日本共産党,true,新,党事務所非常勤職員,4228,false,,false,144
r08-02-08,鹿児島県,1,4,false,落,川内ひろし,川内博史,かわうち,64,,中道改革連合,中道改革連合,true,前,政党役員,57262,true,62.024,false,144
r08-02-08,鹿児島県,2,1,false,落,高橋徳美,髙橋徳美,たかはしのりみ,56,,参政党,参政党,true,新,一般社団法人理事長,35570,false,,false,145
r08-02-08,鹿児島県,2,2,false,落,まつざき真琴,松崎眞琴,まこと,67,,日本共産党,日本共産党,true,新,政党職員,17543,false,,false,145
r08-02-08,鹿児島県,2,3,true,当,みたぞのさとし,三反園訓,,67,,自由民主党,自由民主党,true,前,選挙区支部長,115396,true,100.000,false,145
r08-02-08,鹿児島県,3,1,true,当,野間たけし,野間健,のま,67,,中道改革連合,中道改革連合,true,前,政党役員,88518,true,100.000,false,145
r08-02-08,鹿児島県,3,2,false,落,小里やすひろ,小里泰弘,おざと,67,,自由民主党,自由民主党,true,元,選挙区支部長,85782,true,96.909,false,145
r08-02-08,鹿児島県,4,1,false,落,きりはらいくお,桐原郁生,,57,,参政党,参政党,true,新,会社員,22211,false,,false,145
r08-02-08,鹿児島県,4,2,false,落,中村ひさし,中村寿,なかむら,59,,国民民主党,国民民主党,true,新,政党役員,24076,true,23.436,false,145
r08-02-08,鹿児島県,4,3,false,落,いとう周平,伊藤周平,しゅうへい,65,,社会民主党,社会民主党,true,新,鹿児島大学法文学部教授,15329,true,,true,145
r08-02-08,鹿児島県,4,4,true,当,森山ひろし,森山𥙿,もりやま,80,,自由民主党,自由民主党,true,前,団体役員,102727,false,,false,145
r08-02-08,沖縄県,1,1,false,落,山川やすひろ,山川泰博,やまかわ,55,,日本維新の会,日本維新の会,true,新,無職,11521,true,,true,145
r08-02-08,沖縄県,1,2,false,落,和田ともひさ,和田知久,わだ,66,,参政党,参政党,true,新,株式会社マグナデザインネット技術顧問,13526,false,,false,145
r08-02-08,沖縄県,1,3,false,落,あかみね政賢,赤嶺政賢,せいけん,78,,日本共産党,日本共産党,true,前,党沖縄県委員長,53231,true,90.516,false,145
r08-02-08,沖縄県,1,4,true,当,コクバ幸之助,國場幸之助,こうのすけ,53,,自由民主党,自由民主党,true,前,選挙区支部長,58808,true,100.000,false,145
r08-02-08,沖縄県,1,5,false,落,中島まほ,中島万穂,なかじま,46,,（無所属）,無所属,false,新,通訳・翻訳,2011,false,,false,145
r08-02-08,沖縄県,2,1,false,落,瑞慶覧チョービン,瑞慶覧長敏,ずけらん,67,,社会民主党,社会民主党,true,元,農業,14311,true,,true,145
r08-02-08,沖縄県,2,2,false,落,新垣クニオ,新垣邦男,あらかき,69,,中道改革連合,中道改革連合,true,前,沖縄伝統空手道振興会理事長,57500,true,80.905,false,145
r08-02-08,沖縄県,2,3,true,当,ミヤザキ政久,宮﨑政久,まさひさ,60,,自由民主党,自由民主党,true,前,防衛副大臣,71071,true,100.000,false,145
r08-02-08,沖縄県,2,4,false,落,吉田ゆうり,吉田悠里,よしだ,40,,参政党,参政党,true,新,管理栄養士,19333,false,,false,145
r08-02-08,沖縄県,2,5,false,落,ヒガタカシ,比嘉隆,,48,,（無所属）,無所属,false,新,株式会社リュウタン代表取締役,2140,false,,false,145
r08-02-08,沖縄県,3,1,false,落,仲間あきこ,仲間暁子,なかま,42,,参政党,参政党,true,新,フルーツポンチ株式会社代表取締役,19270,false,,false,145
r08-02-08,沖縄県,3,2,true,当,島尻あい子,島尻安伊子,しまじりこ,60,,自由民主党,自由民主党,true,前,自由民主党沖縄県第３選挙区支部長,87075,true,100.000,false,145
r08-02-08,沖縄県,3,3,false,落,ヤラともひろ,屋良朝博,,63,,中道改革連合,中道改革連合,true,前,政党役員,61714,true,70.874,false,145
r08-02-08,沖縄県,4,1,false,落,さきえだ裕次,﨑枝裕次,ゆうじ,44,,国民民主党,国民民主党,true,新,トロピカルフルーツ生産組合副組合長,19230,true,25.110,false,145
r08-02-08,沖縄県,4,2,true,当,ニシメ恒三郎,西銘恒三郎,こうさぶろう,71,,自由民主党,自由民主党,true,前,自由民主党沖縄県第四選挙区支部長,76580,true,100.000,false,145
r08-02-08,沖縄県,4,3,false,落,トイタ芳行,砥板芳行,よしゆき,56,,中道改革連合,中道改革連合,true,新,無職,37734,true,49.273,false,145
r08-02-08,沖縄県,4,4,false,落,山川ひとし,山川仁,やまかわ,51,,れいわ新選組,れいわ新選組,true,前,無職,20091,true,26.235,false,145
