election_id,prefecture,district_no,order_in_district,elected,result_mark,name_display,name_kanji,name_kana,age,party_raw,party,party_is_certified,status,occupation,votes,dual_candidacy,sekihai_rate,sekihai_excluded,source_page
r06-10-27,北海道,1,1,false,落,小林さとる,小林悟,こばやし,60,日本維新の会,日本維新の会,true,新,医師,20000,true,,true,103
r06-10-27,北海道,1,2,true,当,道下大樹,,みちしただいき,48,立憲民主党,立憲民主党,true,前,政党役員,108394,true,100.000,false,103
r06-10-27,北海道,1,3,false,落,田中よしひと,田中義人,たなか,52,参政党,参政党,true,新,自営業,20097,true,,true,103
r06-10-27,北海道,1,4,false,落,千葉なおこ,千葉尚子,ちば,44,日本共産党,日本共産党,true,新,１区ジェンダー平等委員会責任者,21451,false,,false,103
r06-10-27,北海道,1,5,false,落,かとう貴弘,加藤貴弘,たかひろ,41,自由民主党,自由民主党,true,新,自由民主党北海道第一選挙区支部長,80133,true,73.927,false,103
r06-10-27,北海道,2,1,false,落,山崎泉,,やまざきいずみ,51,日本維新の会,日本維新の会,true,新,会社役員,32073,true,34.119,false,103
r06-10-27,北海道,2,2,false,落,宮内しおり,松村史織,みやうち,32,日本共産党,日本共産党,true,新,日本共産党北海道委員会平和運動部長,31855,true,33.887,false,103
r06-10-27,北海道,2,3,true,当,松木けんこう,松木謙公,まつき,65,立憲民主党,立憲民主党,true,前,会社役員,94002,true,100.000,false,103
r06-10-27,北海道,2,4,false,落,髙橋ゆうすけ,髙橋祐介,たかはし,44,自由民主党,自由民主党,true,前,自由民主党北海道第二選挙区支部長,76835,true,81.737,false,103
r06-10-27,北海道,3,1,false,落,増田健治,,ますだけんじ,70,（無所属）,無所属,false,新,ますだ鍼灸院院長,11972,false,,false,103
r06-10-27,北海道,3,2,true,当,荒井ゆたか,荒井優,あらい,49,立憲民主党,立憲民主党,true,前,学校法人役員,100136,true,100.000,false,103
r06-10-27,北海道,3,3,false,落,とりこし良孝,鳥越良孝,よしたか,68,日本維新の会,日本維新の会,true,新,日本維新の会選挙区支部長（政党役員）,21802,true,,true,103
r06-10-27,北海道,3,4,false,落,伊藤りち子,伊藤理智子,いとうこ,63,日本共産党,日本共産党,true,新,政党役員,22915,false,,false,103
r06-10-27,北海道,3,5,false,落,高木ひろひさ,高木宏壽,たかぎ,64,自由民主党,自由民主党,true,前,選挙区支部長,83089,true,82.976,false,103
r06-10-27,北海道,4,1,false,落,佐々木あけみ,佐々木明美,ささき,63,日本共産党,日本共産党,true,新,日本共産党道４区国政対策委員長,19063,false,,false,103
r06-10-27,北海道,4,2,false,落,中村ひろゆき,中村裕之,なかむら,63,自由民主党,自由民主党,true,前,選挙区支部長,94090,true,92.714,false,103
r06-10-27,北海道,4,3,true,当,おおつきくれは,大築紅葉,,41,立憲民主党,立憲民主党,true,前,政党役員,101484,true,100.000,false,103
r06-10-27,北海道,4,4,false,落,さいとう佳代,齋藤佳代,かよ,41,（無所属）,無所属,false,新,静岡塾ＳＫ株式会社代表取締役,10322,false,,false,103
r06-10-27,北海道,5,1,false,落,和田よしあき,和田義明,わだ,53,自由民主党,自由民主党,true,前,選挙区支部長,100893,false,,false,103
r06-10-27,北海道,5,2,true,当,池田まき,池田真紀,いけだ,52,立憲民主党,立憲民主党,true,元,政党役員,125444,true,100.000,false,103
r06-10-27,北海道,5,3,false,落,鈴木りゅうじ,鈴木龍次,すずき,64,日本共産党,日本共産党,true,新,日本共産党専従職員,16399,false,,false,103
r06-10-27,北海道,6,1,false,落,おぎう和敏,荻生和敏,かずとし,74,日本共産党,日本共産党,true,新,日本共産党国会議員団北海道６区事務所長,19909,false,,false,103
r06-10-27,北海道,6,2,false,落,にしかわ将人,西川将人,まさひと,55,立憲民主党,立憲民主党,true,新,政党役員,94193,true,93.543,false,103
r06-10-27,北海道,6,3,true,当,東くによし,東国幹,あずま,56,自由民主党,自由民主党,true,前,自由民主党北海道第六選挙区支部長,100694,true,100.000,false,103
r06-10-27,北海道,7,1,false,落,しのだ奈保子,中川奈保子,なおこ,52,立憲民主党,立憲民主党,true,新,弁護士,54888,true,71.108,false,103
r06-10-27,北海道,7,2,true,当,鈴木たかこ,鈴木貴子,すずき,38,自由民主党,自由民主党,true,前,政党役員,77189,true,100.000,false,104
r06-10-27,北海道,8,1,true,当,おおさか誠二,坂誠二,せいじ,65,立憲民主党,立憲民主党,true,前,政党役員,97758,false,,false,104
r06-10-27,北海道,8,2,false,落,本間かつみ,本間勝美,ほんま,56,日本共産党,日本共産党,true,新,社会福祉士,11708,false,,false,104
r06-10-27,北海道,8,3,false,落,向山じゅん,向山淳,むこうやま,40,自由民主党,自由民主党,true,新,選挙区支部長,83006,true,84.909,false,104
r06-10-27,北海道,9,1,false,落,たつの広志,立野広志,ひろし,67,日本共産党,日本共産党,true,新,政治団体職員,20557,false,,false,104
r06-10-27,北海道,9,2,false,落,松下ひでき,松下英樹,まつした,34,自由民主党,自由民主党,true,新,自由民主党北海道第九選挙区支部長,62328,true,58.796,false,104
r06-10-27,北海道,9,3,true,当,山岡達丸,,やまおかたつまる,45,立憲民主党,立憲民主党,true,前,政党役員,106007,true,100.000,false,104
r06-10-27,北海道,10,1,true,当,神谷ひろし,神谷裕,かみや,56,立憲民主党,立憲民主党,true,前,政党役員,78362,true,100.000,false,104
r06-10-27,北海道,10,2,false,落,いなつ久,稲津久,ひさし,66,公明党,公明党,true,前,政党役員,75990,false,,false,104
r06-10-27,北海道,11,1,true,当,石川かおり,石川香織,いしかわ,40,立憲民主党,立憲民主党,true,前,政党役員,84522,true,100.000,false,104
r06-10-27,北海道,11,2,false,落,中川ゆうこ,中川郁子,なかがわ,65,自由民主党,自由民主党,true,前,自由民主党北海道第十一選挙区支部長,66877,true,79.123,false,104
r06-10-27,北海道,11,3,false,落,佐藤耕平,,さとうこうへい,48,日本共産党,日本共産党,true,新,政党職員,10367,false,,false,104
r06-10-27,北海道,12,1,true,当,武部あらた,武部新,たけべ,54,自由民主党,自由民主党,true,前,選挙区支部長,78645,true,100.000,false,104
r06-10-27,北海道,12,2,false,落,かわはらだ英世,川原田英世,えいせい,41,立憲民主党,立憲民主党,true,新,会社役員,71608,true,91.052,false,104
r06-10-27,青森県,1,1,true,当,つしま淳,津島淳,じゅん,58,自由民主党,自由民主党,true,前,選挙区支部長,76265,true,100.000,false,104
r06-10-27,青森県,1,2,false,落,ますた世喜男,升田世喜男,せきお,67,立憲民主党,立憲民主党,true,元,会社役員,71211,true,93.373,false,104
r06-10-27,青森県,1,3,false,落,さいとうみお,赤平美緒,,44,日本共産党,日本共産党,true,新,政党役員,18212,false,,false,104
r06-10-27,青森県,2,1,false,落,かねはまあきら,金濱亨,,36,国民民主党,国民民主党,true,新,政党役員,33569,true,40.550,false,104
r06-10-27,青森県,2,2,true,当,神田潤一,,かんだじゅんいち,54,自由民主党,自由民主党,true,前,選挙区支部長,82784,true,100.000,false,104
r06-10-27,青森県,2,3,false,落,久保しょう,久保将,くぼ,70,日本共産党,日本共産党,true,新,政党役員,9397,false,,false,104
r06-10-27,青森県,2,4,false,落,松尾和彦,,まつおかずひこ,61,（無所属）,無所属,false,新,会社役員,56674,false,,false,104
r06-10-27,青森県,3,1,false,落,木村次郎,,きむらじろう,56,自由民主党,自由民主党,true,前,選挙区支部長,73848,false,,false,104
r06-10-27,青森県,3,2,true,当,岡田はなこ,岡田華子,おかだ,44,立憲民主党,立憲民主党,true,新,企業内弁護士,86593,true,100.000,false,104
r06-10-27,青森県,3,3,false,落,そのた寿一,其田寿一,としかず,38,（無所属）,無所属,false,新,会社役員,6531,false,,false,104
r06-10-27,青森県,3,4,false,落,長坂じゅんや,長坂淳也,ながさか,48,日本維新の会,日本維新の会,true,新,コンビニエンスストア店長,7747,true,,true,105
r06-10-27,岩手県,1,1,false,落,米内ひろまさ,米内紘正,よない,37,自由民主党,自由民主党,true,新,選挙区支部長,43623,true,46.206,false,105
r06-10-27,岩手県,1,2,true,当,しなたけし,階猛,,58,立憲民主党,立憲民主党,true,前,弁護士,94409,true,100.000,false,105
r06-10-27,岩手県,1,3,false,落,吉田恭子,,よしだきょうこ,43,日本共産党,日本共産党,true,新,政党役員,15367,true,16.277,false,105
r06-10-27,岩手県,2,1,true,当,すずき俊一,鈴木俊一,しゅんいち,71,自由民主党,自由民主党,true,前,政党役員,115774,false,,false,105
r06-10-27,岩手県,2,2,false,落,中村ゆきこ,中村起子,なかむら,59,立憲民主党,立憲民主党,true,新,会社経営,70716,true,61.081,false,105
r06-10-27,岩手県,3,1,false,落,藤原たかし,藤原崇,ふじわら,41,自由民主党,自由民主党,true,前,弁護士,84347,false,,false,105
r06-10-27,岩手県,3,2,true,当,小沢一郎,,おざわいちろう,82,立憲民主党,立憲民主党,true,前,政党役員,115364,true,100.000,false,105
r06-10-27,宮城県,1,1,true,当,岡本あき子,山下章子,おかもとこ,60,立憲民主党,立憲民主党,true,前,政党役員,115142,true,100.000,false,105
r06-10-27,宮城県,1,2,false,落,高橋こうじ,髙橋浩司,たかはし,61,日本維新の会,日本維新の会,true,新,日本維新の会衆議院宮城県第１区選挙区支部長,25852,true,22.452,false,105
r06-10-27,宮城県,1,3,false,落,土井とおる,土井亨,どい,66,自由民主党,自由民主党,true,前,自由民主党宮城県第一選挙区支部支部長,81924,true,71.150,false,105
r06-10-27,宮城県,2,1,false,落,早坂あつし,早坂敦,はやさか,53,日本維新の会,日本維新の会,true,前,政党支部役員,30967,true,26.606,false,105
r06-10-27,宮城県,2,2,true,当,鎌田さゆり,,かまた,59,立憲民主党,立憲民主党,true,前,政党役員,116390,true,100.000,false,105
r06-10-27,宮城県,2,3,false,落,秋葉けんや,秋葉賢也,あきば,62,自由民主党,自由民主党,true,前,自由民主党宮城県第二選挙区支部長,71633,true,61.545,false,105
r06-10-27,宮城県,3,1,false,落,西村あきひろ,西村明宏,にしむら,64,自由民主党,自由民主党,true,前,自由民主党宮城県第三選挙区支部長,66906,false,,false,105
r06-10-27,宮城県,3,2,true,当,柳沢つよし,柳沢剛,やなぎさわ,61,立憲民主党,立憲民主党,true,新,政党役員,82566,true,100.000,false,105
r06-10-27,宮城県,4,1,false,落,いとう信太郎,伊藤信太郎,しんたろう,71,自由民主党,自由民主党,true,前,選挙区支部長,65616,true,64.185,false,105
r06-10-27,宮城県,4,2,false,落,大林まさひで,大林正英,おおばやし,60,れいわ新選組,れいわ新選組,true,新,無職,12913,true,,true,105
r06-10-27,宮城県,4,3,false,落,さとうゆういち,佐雄一,,45,日本維新の会,日本維新の会,true,新,自営業,15581,true,,true,105
r06-10-27,宮城県,4,4,true,当,安住淳,,あずみじゅん,62,立憲民主党,立憲民主党,true,前,政党役員,102229,true,100.000,false,105
r06-10-27,宮城県,5,1,false,落,中嶋れん,中嶋廉,なかじま,71,日本共産党,日本共産党,true,新,政党役員,18413,false,,false,105
r06-10-27,宮城県,5,2,true,当,小野寺五典,,おのでらいつのり,64,自由民主党,自由民主党,true,前,選挙区支部長,132361,false,,false,105
r06-10-27,宮城県,5,3,false,落,さかいつねはる,境恒春,,45,日本維新の会,日本維新の会,true,新,ＮＰＯ法人役員,26502,true,20.022,false,105
r06-10-27,秋田県,1,1,false,落,寺田学,,てらたまなぶ,48,立憲民主党,立憲民主党,true,前,政党役員,59515,true,98.555,false,106
r06-10-27,秋田県,1,2,false,落,松浦だいご,松浦大悟,まつうら,55,日本維新の会,日本維新の会,true,新,無職,17865,true,29.584,false,106
r06-10-27,秋田県,1,3,true,当,とがし博之,冨樫博之,ひろゆき,69,自由民主党,自由民主党,true,前,選挙区支部長,60387,true,100.000,false,106
r06-10-27,秋田県,1,4,false,落,鈴木さとし,鈴木知,すずき,47,日本共産党,日本共産党,true,新,政党役員,6875,false,,false,106
r06-10-27,秋田県,2,1,false,落,福原じゅんじ,福原淳嗣,ふくはら,56,自由民主党,自由民主党,true,新,選挙区支部長,65200,true,91.966,false,106
r06-10-27,秋田県,2,2,true,当,緑川たかし,緑川貴士,みどりかわ,39,立憲民主党,立憲民主党,true,前,政党役員,70895,true,100.000,false,106
r06-10-27,秋田県,2,3,false,落,山内梅良,,やまうちうめよし,76,日本共産党,日本共産党,true,新,無職,4505,false,,false,106
r06-10-27,秋田県,3,1,false,落,藤田かずひさ,藤田和久,ふじた,75,日本共産党,日本共産党,true,新,無職,4562,false,,false,106
r06-10-27,秋田県,3,2,false,落,小川のりよ,小川幾代,おがわ,39,立憲民主党,立憲民主党,true,新,政党役員,22043,true,26.557,false,106
r06-10-27,秋田県,3,3,true,当,村岡としひで,村岡敏,むらおか,64,国民民主党,国民民主党,true,元,国民民主党秋田県総支部連合会代表,83001,true,100.000,false,106
r06-10-27,秋田県,3,4,false,落,みのり川信英,御法川信英,かわのぶひで,60,自由民主党,自由民主党,true,前,自由民主党秋田県支部連合会会長,74722,true,90.025,false,106
r06-10-27,山形県,1,1,false,落,原田まさひろ,原田和広,はらだ,51,立憲民主党,立憲民主党,true,新,政党役員,64717,true,70.163,false,106
r06-10-27,山形県,1,2,false,落,三井寺修,,みいでらおさむ,44,日本共産党,日本共産党,true,新,政党役員,9293,false,,false,106
r06-10-27,山形県,1,3,true,当,えんどう利明,遠藤利明,としあき,74,自由民主党,自由民主党,true,前,政党役員,92238,false,,false,106
r06-10-27,山形県,2,1,true,当,すずきのりかず,鈴木憲和,,42,自由民主党,自由民主党,true,前,選挙区支部長,105416,true,100.000,false,106
r06-10-27,山形県,2,2,false,落,岩本こうじ,岩本康嗣,いわもと,59,日本共産党,日本共産党,true,新,政党役員,8496,false,,false,106
r06-10-27,山形県,2,3,false,落,にとうべとうま,二藤部冬馬,,42,れいわ新選組,れいわ新選組,true,新,大石田町議会議員,15811,true,,true,106
r06-10-27,山形県,2,4,false,落,きくち大二郎,菊池大二郎,だいじろう,42,国民民主党,国民民主党,true,新,政党役員,56359,true,53.463,false,106
r06-10-27,山形県,3,1,false,落,石黒さとる,石黒覚,いしぐろ,68,立憲民主党,立憲民主党,true,新,立憲民主党山形県総支部連合会代表,63102,true,67.194,false,106
r06-10-27,山形県,3,2,false,落,山田まもる,山田守,やまだ,62,日本共産党,日本共産党,true,新,日本共産党酒田地区委員長,10372,false,,false,106
r06-10-27,山形県,3,3,true,当,かとう鮎子,角田鮎子,あゆこ,45,自由民主党,自由民主党,true,前,選挙区支部長,93909,true,100.000,false,106
r06-10-27,福島県,1,1,false,落,亀岡よしたみ,亀岡偉民,かめおか,69,自由民主党,自由民主党,true,前,政党役員,84351,false,,false,106
r06-10-27,福島県,1,2,true,当,かねこ恵美,金子恵美,えみ,59,立憲民主党,立憲民主党,true,前,政党役員,124441,true,100.000,false,106
r06-10-27,福島県,2,1,false,落,丸本ゆみこ,丸本由美子,まるもと,62,日本共産党,日本共産党,true,新,政党役員,12594,false,,false,106
r06-10-27,福島県,2,2,true,当,げんば光一郎,玄葉光一郎,こういちろう,60,立憲民主党,立憲民主党,true,前,政党役員,123256,true,100.000,false,106
r06-10-27,福島県,2,3,false,落,根本拓,,ねもとたく,38,自由民主党,自由民主党,true,新,弁護士,92616,true,75.141,false,107
r06-10-27,福島県,3,1,true,当,おぐま慎司,小熊慎司,しんじ,56,立憲民主党,立憲民主党,true,前,政党役員,96814,true,100.000,false,107
r06-10-27,福島県,3,2,false,落,唐橋のりお,唐橋則男,からはし,63,日本共産党,日本共産党,true,新,政党役員,11715,false,,false,107
r06-10-27,福島県,3,3,false,落,上杉けんたろう,上杉謙太郎,うえすぎ,49,（無所属）,無所属,false,前,政党役員,68133,false,,false,107
r06-10-27,福島県,4,1,false,落,斎藤ゆうき,齋藤裕喜,さいとう,45,立憲民主党,立憲民主党,true,新,会社役員,78708,true,91.786,false,107
r06-10-27,福島県,4,2,false,落,くまがい智,熊谷智,とも,44,日本共産党,日本共産党,true,新,政党役員,19879,false,,false,107
r06-10-27,福島県,4,3,true,当,坂本竜太郎,,さかもとりゅうたろう,44,自由民主党,自由民主党,true,新,政党役員,85751,true,100.000,false,107
r06-10-27,茨城県,1,1,false,落,田所よしのり,田所嘉德,たどころ,70,自由民主党,自由民主党,true,前,選挙区支部長,76960,true,81.661,false,107
r06-10-27,茨城県,1,2,false,落,むとうゆう子,武藤優子,こ,60,日本維新の会,日本維新の会,true,新,農業,23619,true,25.061,false,107
r06-10-27,茨城県,1,3,false,落,高橋誠一郎,,たかはしせいいちろう,29,日本共産党,日本共産党,true,新,党県常任委員,14565,true,,true,107
r06-10-27,茨城県,1,4,true,当,福島のぶゆき,福島伸享,ふくしま,54,（無所属）,無所属,false,前,会社役員,94243,false,,false,107
r06-10-27,茨城県,2,1,false,落,川井ひろ子,川井宏子,かわいこ,59,日本共産党,日本共産党,true,新,党県委員,17613,false,,false,107
r06-10-27,茨城県,2,2,false,落,いまむら敏昭,今村敏昭,としあき,67,日本維新の会,日本維新の会,true,新,特定行政書士,24577,true,30.388,false,107
r06-10-27,茨城県,2,3,true,当,ぬかが福志郎,額賀福志郎,ふくしろう,80,自由民主党,自由民主党,true,前,選挙区支部長,80875,false,,false,107
r06-10-27,茨城県,2,4,false,落,大高伸一,,おおたかしんいち,57,（無所属）,無所属,false,新,不動産賃貸会社代表取締役,13902,false,,false,107
r06-10-27,茨城県,3,1,false,落,かじおか博樹,梶岡博樹,ひろき,47,立憲民主党,立憲民主党,true,新,会社役員,63273,true,75.624,false,107
r06-10-27,茨城県,3,2,false,落,加川ゆうみ,加川裕美,かがわ,60,れいわ新選組,れいわ新選組,true,新,NPO法人職員,14783,false,,false,107
r06-10-27,茨城県,3,3,true,当,はなし康弘,葉梨康弘,やすひろ,65,自由民主党,自由民主党,true,前,選挙区支部長,83667,true,100.000,false,107
r06-10-27,茨城県,3,4,false,落,橋口なほ,橋口奈保,はしぐち,47,日本維新の会,日本維新の会,true,新,無職,23741,true,28.375,false,107
r06-10-27,茨城県,3,5,false,落,大内くみ子,大内久美子,おおうちこ,75,日本共産党,日本共産党,true,新,党県常任委員,13235,false,,false,107
r06-10-27,茨城県,4,1,false,落,吉田つばさ,吉田翔,よしだ,27,日本共産党,日本共産党,true,新,日本共産党茨城北部地区委員会勤務員,16927,false,,false,107
r06-10-27,茨城県,4,2,true,当,梶山ひろし,梶山弘志,かじやま,69,自由民主党,自由民主党,true,前,選挙区支部長,91019,true,100.000,false,107
r06-10-27,茨城県,4,3,false,落,むとうひろみつ,武藤博光,,62,日本維新の会,日本維新の会,true,新,農業,25263,true,27.755,false,107
r06-10-27,茨城県,5,1,false,落,千葉たつお,千葉達夫,ちば,42,日本共産党,日本共産党,true,新,党県常任委員,8781,false,,false,107
r06-10-27,茨城県,5,2,true,当,浅野さとし,浅野哲,あさの,42,国民民主党,国民民主党,true,前,政党役員,64351,true,100.000,false,107
r06-10-27,茨城県,5,3,false,落,石川あきまさ,石川昭政,いしかわ,52,自由民主党,自由民主党,true,前,デジタル副大臣,46717,true,72.597,false,108
r06-10-27,茨城県,6,1,true,当,青山やまと,青山大人,あおやま,45,立憲民主党,立憲民主党,true,前,会社役員,120434,true,100.000,false,108
r06-10-27,茨城県,6,2,false,落,間宮みち子,間宮美知子,まみやこ,77,日本共産党,日本共産党,true,新,党南部地区委員,16586,false,,false,108
r06-10-27,茨城県,6,3,false,落,国光あやの,佐藤文乃,くにみつ,45,自由民主党,自由民主党,true,前,選挙区支部長,107305,true,89.098,false,108
r06-10-27,茨城県,7,1,true,当,中村はやと,中村勇太,なかむら,38,（無所属）,無所属,false,新,会社役員,87187,false,,false,108
r06-10-27,茨城県,7,2,false,落,ながおか桂子,永岡桂子,けいこ,70,自由民主党,自由民主党,true,前,選挙区支部長,77224,true,88.572,false,108
r06-10-27,栃木県,1,1,false,落,柏倉ゆうじ,柏倉祐司,かしわくら,55,日本維新の会,日本維新の会,true,元,医師,45491,true,58.073,false,108
r06-10-27,栃木県,1,2,false,落,板津ゆか,板津由華,いたづ,36,立憲民主党,立憲民主党,true,新,会社経営者,62914,true,80.316,false,108
r06-10-27,栃木県,1,3,true,当,船田はじめ,船田元,ふなだ,70,自由民主党,自由民主党,true,前,選挙区支部長,78333,true,100.000,false,108
r06-10-27,栃木県,1,4,false,落,青木ひろし,青木弘,あおき,63,日本共産党,日本共産党,true,新,政党役員,9490,false,,false,108
r06-10-27,栃木県,2,1,true,当,福田あきお,福田昭夫,ふくだ,76,立憲民主党,立憲民主党,true,前,政党役員,68377,true,100.000,false,108
r06-10-27,栃木県,2,2,false,落,いがらし清,五十嵐清,きよし,54,自由民主党,自由民主党,true,前,選挙区支部長,51955,true,75.983,false,108
r06-10-27,栃木県,3,1,true,当,やな和生,簗和生,かずお,45,自由民主党,自由民主党,true,前,選挙区支部長,45546,false,,false,108
r06-10-27,栃木県,3,2,false,落,渡辺しんたろう,渡邊真太朗,わたなべ,31,（無所属）,無所属,false,新,会社員,45368,false,,false,108
r06-10-27,栃木県,3,3,false,落,いが央,伊賀央,ひろし,60,立憲民主党,立憲民主党,true,新,政党役員,30913,true,67.872,false,108
r06-10-27,栃木県,4,1,false,落,さとう勉,佐藤勉,つとむ,72,自由民主党,自由民主党,true,前,選挙区支部長,75260,true,77.930,false,108
r06-10-27,栃木県,4,2,false,落,川上ひとし,川上均,かわかみ,68,日本共産党,日本共産党,true,新,政党役員,8985,false,,false,108
r06-10-27,栃木県,4,3,true,当,藤岡たかお,藤岡隆雄,ふじおか,47,立憲民主党,立憲民主党,true,前,政党役員,96573,true,100.000,false,108
r06-10-27,栃木県,5,1,false,落,やこう勘司,谷古宇勘司,かんじ,73,日本維新の会,日本維新の会,true,新,公益財団法人役員（代表）,20098,true,20.118,false,108
r06-10-27,栃木県,5,2,true,当,茂木としみつ,茂木敏充,もてぎ,69,自由民主党,自由民主党,true,前,選挙区支部長,99897,true,100.000,false,108
r06-10-27,栃木県,5,3,false,落,岡村けい子,吉田恵子,おかむらこ,71,日本共産党,日本共産党,true,新,政党役員,25203,false,,false,108
r06-10-27,栃木県,5,4,false,落,亀山陽三,,かめやまようぞう,63,（無所属）,無所属,false,新,シルバー人材センター監事,13447,false,,false,108
r06-10-27,群馬県,1,1,false,落,たなはしせつ子,店橋世津子,こ,63,日本共産党,日本共産党,true,新,政党役員,20330,false,,false,108
r06-10-27,群馬県,1,2,true,当,中曽根やすたか,中曽根康隆,なかそね,42,自由民主党,自由民主党,true,前,選挙区支部長,82455,true,100.000,false,108
r06-10-27,群馬県,1,3,false,落,白井けいこ,白井桂子,しらい,62,立憲民主党,立憲民主党,true,新,政党役員,56031,true,67.953,false,109
r06-10-27,群馬県,2,1,false,落,石関たかし,石関貴史,いしぜき,52,（無所属）,無所属,false,元,公益財団法人理事,48251,false,,false,109
r06-10-27,群馬県,2,2,false,落,高橋たもつ,髙橋保,たかはし,67,日本共産党,日本共産党,true,新,障害児福祉施設職員,20626,false,,false,109
r06-10-27,群馬県,2,3,true,当,いのとしろう,井野俊郎,,44,自由民主党,自由民主党,true,前,選挙区支部長,78416,true,100.000,false,109
r06-10-27,群馬県,3,1,true,当,ささがわ博義,笹川博義,ひろよし,58,自由民主党,自由民主党,true,前,選挙区支部長,74930,true,100.000,false,109
r06-10-27,群馬県,3,2,false,落,長谷川かいち,長谷川嘉一,はせがわ,71,立憲民主党,立憲民主党,true,元,医療法人理事長,74716,true,99.714,false,109
r06-10-27,群馬県,4,1,false,落,山田ひろき,山田博規,やまだ,65,立憲民主党,立憲民主党,true,新,医師,46740,true,58.330,false,109
r06-10-27,群馬県,4,2,false,落,はぎわら貞夫,萩原貞夫,さだお,75,日本共産党,日本共産党,true,新,政党役員,16128,false,,false,109
r06-10-27,群馬県,4,3,true,当,福田達夫,,ふくだたつお,57,自由民主党,自由民主党,true,前,選挙区支部長,80130,false,,false,109
r06-10-27,群馬県,5,1,false,落,伊藤たつや,伊藤達也,いとう,41,日本共産党,日本共産党,true,新,政党役員,22655,false,,false,109
r06-10-27,群馬県,5,2,true,当,おぶち優子,小渕優子,ゆうこ,50,自由民主党,自由民主党,true,前,選挙区支部長,96580,true,100.000,false,109
r06-10-27,群馬県,5,3,false,落,中島ゆみこ,中島由美子,なかじま,65,日本維新の会,日本維新の会,true,新,行政書士,36928,true,38.235,false,109
r06-10-27,埼玉県,1,1,false,落,矢野ゆき子,矢野由紀子,やのこ,60,日本共産党,日本共産党,true,新,日本共産党埼玉１区国政対策責任者,15106,false,,false,109
r06-10-27,埼玉県,1,2,true,当,村井ひでき,村井英樹,むらい,44,自由民主党,自由民主党,true,前,選挙区支部長,85347,true,100.000,false,109
r06-10-27,埼玉県,1,3,false,落,たけまさ公一,武正公一,こういち,63,立憲民主党,立憲民主党,true,元,政党役員,82134,true,96.235,false,109
r06-10-27,埼玉県,1,4,false,落,あさのめ義英,浅野目義英,よしひで,66,日本維新の会,日本維新の会,true,新,政治団体代表者,19039,true,,true,109
r06-10-27,埼玉県,1,5,false,落,三上きょうへい,三上恭平,みかみ,42,みんなでつくる党,みんなでつくる党,true,新,会社経営,4234,false,,false,109
r06-10-27,埼玉県,2,1,false,落,おくだ智子,彦野智子,ともこ,55,日本共産党,日本共産党,true,新,日本共産党埼玉南部地区副委員長,23317,false,,false,109
r06-10-27,埼玉県,2,2,false,落,高橋英明,,たかはしひであき,61,日本維新の会,日本維新の会,true,前,会社役員,43164,true,59.563,false,109
r06-10-27,埼玉県,2,3,true,当,しんどう義孝,新藤義孝,よしたか,66,自由民主党,自由民主党,true,前,自由民主党埼玉県第２選挙区支部長,72467,true,100.000,false,109
r06-10-27,埼玉県,2,4,false,落,津村大作,,つむらだいさく,50,（川口自警団）,川口自警団,false,新,会社役員,9348,false,,false,109
r06-10-27,埼玉県,2,5,false,落,まつうら玄嗣,松浦玄嗣,もとつぐ,52,立憲民主党,立憲民主党,true,新,歯科医師,34327,true,47.369,false,109
r06-10-27,埼玉県,3,1,false,落,ばばひろし,馬場浩,,67,日本共産党,日本共産党,true,新,日本共産党埼玉３区国政対策委員長,14731,false,,false,109
r06-10-27,埼玉県,3,2,false,落,石川たかみ,石川隆美,いしかわ,59,日本維新の会,日本維新の会,true,新,無職,24442,true,32.059,false,109
r06-10-27,埼玉県,3,3,false,落,竹内千春,,たけうちちはる,56,立憲民主党,立憲民主党,true,新,弁護士,66103,true,86.704,false,109
r06-10-27,埼玉県,3,4,true,当,きかわだひとし,黄川田仁志,,54,自由民主党,自由民主党,true,前,選挙区支部長,76239,true,100.000,false,110
r06-10-27,埼玉県,4,1,true,当,ほさかやすし,穂坂泰,,50,自由民主党,自由民主党,true,前,選挙区支部長,82125,true,100.000,false,110
r06-10-27,埼玉県,4,2,false,落,岸田光広,,きしだみつひろ,57,国民民主党,国民民主党,true,新,国民民主党埼玉県第４区総支部総支部長,52728,true,64.204,false,110
r06-10-27,埼玉県,4,3,false,落,渡辺やすゆき,渡邉泰之,わたなべ,51,日本維新の会,日本維新の会,true,新,政党役員,34048,true,41.458,false,110
r06-10-27,埼玉県,4,4,false,落,工藤かおる,工藤薫,くどう,74,日本共産党,日本共産党,true,新,政党役員,27763,false,,false,110
r06-10-27,埼玉県,5,1,false,落,牧原ひでき,牧原秀樹,まきはら,53,自由民主党,自由民主党,true,前,法務大臣,78250,true,72.602,false,110
r06-10-27,埼玉県,5,2,false,落,辻村ちひろ,辻村千尋,つじむら,56,れいわ新選組,れいわ新選組,true,新,自然保護アナリスト,15295,false,,false,110
r06-10-27,埼玉県,5,3,true,当,えだの幸男,枝野幸男,ゆきお,60,立憲民主党,立憲民主党,true,前,政党役員,107778,true,100.000,false,110
r06-10-27,埼玉県,5,4,false,落,山本ゆう子,山本悠子,やまもとこ,72,日本共産党,日本共産党,true,新,日本共産党埼玉５区国政対策責任者,10098,false,,false,110
r06-10-27,埼玉県,6,1,false,落,ほそやみえこ,細谷美恵子,,64,日本維新の会,日本維新の会,true,新,政治団体役員,24341,true,23.218,false,110
r06-10-27,埼玉県,6,2,false,落,中根かずゆき,中根一幸,なかね,55,（無所属）,無所属,false,前,自由民主党埼玉県第６選挙区支部長,50425,false,,false,110
r06-10-27,埼玉県,6,3,true,当,大島あつし,大島敦,おおしま,67,立憲民主党,立憲民主党,true,前,学校法人武蔵学園理事長,104836,true,100.000,false,110
r06-10-27,埼玉県,6,4,false,落,秋山もえ,,あきやま,48,日本共産党,日本共産党,true,新,政党役員,24735,false,,false,110
r06-10-27,埼玉県,7,1,false,落,佐藤かずま,小沢一馬,さとう,33,日本共産党,日本共産党,true,新,日本共産党埼玉７区政策責任者,17541,false,,false,110
r06-10-27,埼玉県,7,2,false,落,中野ひでゆき,中野英幸,なかの,63,自由民主党,自由民主党,true,前,自由民主党埼玉県第七選挙区支部長,66498,true,90.728,false,110
r06-10-27,埼玉県,7,3,true,当,こみやま泰子,小宮山泰子,やすこ,59,立憲民主党,立憲民主党,true,前,政党役員,73293,true,100.000,false,110
r06-10-27,埼玉県,7,4,false,落,伊勢田みちこ,伊勢田享子,いせだ,47,日本維新の会,日本維新の会,true,新,政治団体役員,27266,true,37.201,false,110
r06-10-27,埼玉県,8,1,false,落,いちの一馬,市野一馬,かずま,40,日本維新の会,日本維新の会,true,新,行政書士,23810,true,25.540,false,110
r06-10-27,埼玉県,8,2,false,落,平井明美,,ひらいあけみ,80,日本共産党,日本共産党,true,新,党埼玉８区国政対策責任者,20305,false,,false,110
r06-10-27,埼玉県,8,3,true,当,しばやま昌彦,柴山昌彦,まさひこ,58,自由民主党,自由民主党,true,前,選挙区支部長,93223,false,,false,110
r06-10-27,埼玉県,8,4,false,落,いちき伴子,市來伴子,ともこ,47,立憲民主党,立憲民主党,true,新,政党役員,77580,true,83.219,false,110
r06-10-27,埼玉県,9,1,false,落,大塚拓,,おおつかたく,51,自由民主党,自由民主党,true,前,選挙区支部長,78811,false,,false,110
r06-10-27,埼玉県,9,2,true,当,すぎむら慎治,杉村慎治,しんじ,48,立憲民主党,立憲民主党,true,新,政党役員,83107,true,100.000,false,110
r06-10-27,埼玉県,9,3,false,落,いのまた嘉直,猪股嘉直,よしなお,70,日本共産党,日本共産党,true,新,党埼玉９区国政対策責任者,16293,false,,false,110
r06-10-27,埼玉県,9,4,false,落,近藤ひでまさ,近藤秀将,こんどう,46,日本維新の会,日本維新の会,true,新,特定行政書士,21680,true,26.086,false,110
r06-10-27,埼玉県,10,1,true,当,坂本ゆうのすけ,坂本祐之輔,さかもと,69,立憲民主党,立憲民主党,true,前,政党役員,97591,true,100.000,false,111
r06-10-27,埼玉県,10,2,false,落,山口すすむ,山口晋,やまぐち,41,自由民主党,自由民主党,true,前,自由民主党埼玉県第１０選挙区支部支部長,67764,true,69.436,false,111
r06-10-27,埼玉県,11,1,false,落,柿沼はるき,柿沼遥輝,かきぬま,41,日本共産党,日本共産党,true,新,日本共産党埼玉北部地区委員会副委員長,16636,false,,false,111
r06-10-27,埼玉県,11,2,false,落,島田誠,,しまだまこと,66,立憲民主党,立憲民主党,true,新,政党役員,49557,true,54.053,false,111
r06-10-27,埼玉県,11,3,true,当,小泉りゅうじ,小泉龍司,こいずみ,72,自由民主党,自由民主党,true,前,選挙区支部長,91681,true,100.000,false,111
r06-10-27,埼玉県,12,1,false,落,野中あつし,野中厚,のなか,47,自由民主党,自由民主党,true,前,選挙区支部長,76395,true,73.937,false,111
r06-10-27,埼玉県,12,2,true,当,森田としかず,森田俊和,もりた,50,立憲民主党,立憲民主党,true,前,会社役員,103324,true,100.000,false,111
r06-10-27,埼玉県,13,1,false,落,沢口ちえ子,沢口千枝子,さわぐちこ,73,日本共産党,日本共産党,true,新,党第１３区社会保障対策委員長,17099,false,,false,111
r06-10-27,埼玉県,13,2,false,落,高井たかし,高井崇志,たかい,55,れいわ新選組,れいわ新選組,true,元,政党役員,22237,true,36.194,false,111
r06-10-27,埼玉県,13,3,false,落,中原よしむね,中原由棟,なかはら,33,日本維新の会,日本維新の会,true,新,無職,21561,true,35.094,false,111
r06-10-27,埼玉県,13,4,true,当,橋本みきひこ,橋本幹彦,はしもと,28,国民民主党,国民民主党,true,新,経営コンサルタント,61436.745,true,100.000,false,111
r06-10-27,埼玉県,13,5,false,落,橋本べん,橋本勉,はしもと,71,（自民党を終わらせる党）,自民党を終わらせる党,false,元,税理士,4424.248,false,,false,111
r06-10-27,埼玉県,13,6,false,落,三ッ林ひろみ,三ツ林裕己,みつばやし,69,（無所属）,無所属,false,前,医師,53382,false,,false,111
r06-10-27,埼玉県,14,1,false,落,加来たけよし,加来武宜,かく,43,日本維新の会,日本維新の会,true,新,弁護士,28792,true,40.777,false,111
r06-10-27,埼玉県,14,2,false,落,石井啓一,,いしいけいいち,66,公明党,公明党,true,前,政党役員,60249,false,,false,111
r06-10-27,埼玉県,14,3,false,落,せきねかずや,関根和也,,44,（無所属）,無所属,false,新,自営業,7486,false,,false,111
r06-10-27,埼玉県,14,4,true,当,鈴木よしひろ,鈴木義弘,すずき,61,国民民主党,国民民主党,true,前,会社役員,70608,true,100.000,false,111
r06-10-27,埼玉県,14,5,false,落,高橋やすし,高橋易資,たかはし,68,（日本保守党）,日本保守党,false,新,大学教員,5514,false,,false,111
r06-10-27,埼玉県,14,6,false,落,なえむら京子,苗村京子,きょうこ,65,日本共産党,日本共産党,true,新,日本共産党埼玉１４区政策責任者,17981,false,,false,111
r06-10-27,埼玉県,15,1,true,当,田中良生,,たなかりょうせい,60,自由民主党,自由民主党,true,前,選挙区支部長,73973,true,100.000,false,111
r06-10-27,埼玉県,15,2,false,落,もりや千津子,守谷千津子,ちづこ,73,日本共産党,日本共産党,true,新,政党役員,17683,false,,false,111
r06-10-27,埼玉県,15,3,false,落,高木れんたろう,高木錬太郎,たかぎ,52,立憲民主党,立憲民主党,true,元,政党役員,60356,true,81.591,false,111
r06-10-27,埼玉県,15,4,false,落,沢田良,,さわだりょう,45,日本維新の会,日本維新の会,true,前,無職,39858,true,53.881,false,111
r06-10-27,埼玉県,15,5,false,落,河合ゆうすけ,河合悠祐,かわい,43,（日本保守党）,日本保守党,false,新,政治団体役員,16157,false,,false,111
r06-10-27,埼玉県,16,1,false,落,三角そうた,三角創太,みすみ,36,立憲民主党,立憲民主党,true,新,公認会計士,64244,true,96.016,false,111
r06-10-27,埼玉県,16,2,false,落,中村りか,中村梨香,なかむら,37,日本維新の会,日本維新の会,true,新,国会議員秘書,30027,true,44.877,false,111
r06-10-27,埼玉県,16,3,true,当,つちや品子,土屋品子,しなこ,72,自由民主党,自由民主党,true,前,政党役員,66909,true,100.000,false,112
r06-10-27,埼玉県,16,4,false,落,ながほり健,永堀健,けん,57,日本共産党,日本共産党,true,新,日本共産党１６区国政対策責任者,12691,false,,false,112
r06-10-27,千葉県,1,1,true,当,たじま要,田嶋要,かなめ,63,立憲民主党,立憲民主党,true,前,政党役員,107439,true,100.000,false,112
r06-10-27,千葉県,1,2,false,落,渡部まさし,渡部雅士,わたなべ,45,日本共産党,日本共産党,true,新,党千葉１区国政対策委員長,12662,false,,false,112
r06-10-27,千葉県,1,3,false,落,門山ひろあき,門山宏哲,かどやま,60,自由民主党,自由民主党,true,前,弁護士,67432,true,62.763,false,112
r06-10-27,千葉県,1,4,false,落,よだかずたか,依田和孝,,50,日本維新の会,日本維新の会,true,新,会社役員,23770,true,22.124,false,112
r06-10-27,千葉県,1,5,false,落,上田あつひろ,上田敦広,うえだ,41,参政党,参政党,true,新,ケアマネージャー,15703,false,,false,112
r06-10-27,千葉県,2,1,false,落,白石ちよ,,しらいし,48,日本共産党,日本共産党,true,新,日本共産党千葉県中部地区委員会副委員長,48500,false,,false,112
r06-10-27,千葉県,2,2,true,当,小林たかゆき,小林鷹之,こばやし,49,自由民主党,自由民主党,true,前,政党選挙区支部長,103690,true,100.000,false,112
r06-10-27,千葉県,3,1,false,落,大すきゆうや,大薄裕也,おお,36,（無所属）,無所属,false,新,交通事故の被害者救済を専門とする千葉志法律事務所の代表弁護士,22717,false,,false,112
r06-10-27,千葉県,3,2,false,落,加藤和夫,,かとうかずお,75,日本共産党,日本共産党,true,新,党地区委員,9297,false,,false,112
r06-10-27,千葉県,3,3,false,落,岡島かずまさ,岡島一正,おかじま,66,立憲民主党,立憲民主党,true,元,政党役員,64169,true,95.336,false,112
r06-10-27,千葉県,3,4,true,当,松野ひろかず,松野博一,まつの,62,自由民主党,自由民主党,true,前,自由民主党千葉県第３選挙区支部長,67308,false,,false,112
r06-10-27,千葉県,4,1,false,落,木村てつや,木村哲也,きむら,55,自由民主党,自由民主党,true,元,会社役員,66629,true,74.023,false,112
r06-10-27,千葉県,4,2,false,落,くどう聖子,工藤聖子,せいこ,45,参政党,参政党,true,新,代替医療会社代表,13736,false,,false,112
r06-10-27,千葉県,4,3,false,落,やかまケンタ,八鎌健太,,29,日本共産党,日本共産党,true,新,党千葉県西部地区委員会勤務員,11131,false,,false,112
r06-10-27,千葉県,4,4,true,当,水沼ひでゆき,水沼秀幸,みずぬま,34,立憲民主党,立憲民主党,true,新,政党役員,90011,true,100.000,false,112
r06-10-27,千葉県,4,5,false,落,雨宮きょうこ,雨宮京子,あめみや,57,日本維新の会,日本維新の会,true,新,経済ジャーナリスト,26222,true,29.131,false,112
r06-10-27,千葉県,5,1,false,落,岸野ともやす,岸野智康,きしの,30,日本維新の会,日本維新の会,true,新,一般社団法人代表理事,17615,true,,true,112
r06-10-27,千葉県,5,2,true,当,矢崎けんたろう,矢﨑堅太郎,やざき,57,立憲民主党,立憲民主党,true,新,政党役員,66031,true,100.000,false,112
r06-10-27,千葉県,5,3,false,落,みやじ純一,宮路純一,じゅんいち,35,参政党,参政党,true,新,東京メトロ職員,10490,false,,false,112
r06-10-27,千葉県,5,4,false,落,岡野純子,,おかのじゅんこ,46,国民民主党,国民民主党,true,新,政党役員,51033,true,77.286,false,112
r06-10-27,千葉県,5,5,false,落,桜井雅人,櫻井雅人,さくらいまさと,51,日本共産党,日本共産党,true,新,日本共産党千葉県市川・浦安地区委員会委員長,11015,false,,false,112
r06-10-27,千葉県,5,6,false,落,えりアルフィヤ,英利アリフェヤー,,36,自由民主党,自由民主党,true,前,自由民主党千葉県第五選挙区支部長,59636,true,90.315,false,112
r06-10-27,千葉県,6,1,false,落,渡辺ひろみち,渡邉博道,わたなべ,74,自由民主党,自由民主党,true,前,選挙区支部長,70215,false,,false,112
r06-10-27,千葉県,6,2,false,落,藤巻けんた,藤巻健太,ふじまき,41,日本維新の会,日本維新の会,true,前,政治団体役員,30472,true,42.585,false,112
r06-10-27,千葉県,6,3,false,落,原田しんたろう,原田慎太郎,はらだ,35,参政党,参政党,true,新,会社員,16752.570,false,,false,113
r06-10-27,千葉県,6,4,false,落,浦野真,,うらのしん,35,日本共産党,日本共産党,true,新,政党職員,14136,false,,false,113
r06-10-27,千葉県,6,5,true,当,安藤じゅん子,粕谷淳子,あんどうこ,48,立憲民主党,立憲民主党,true,新,政党役員,71555,true,100.000,false,113
r06-10-27,千葉県,6,6,false,落,原田よしやす,原田義康,はらだ,71,社会民主党,社会民主党,true,新,無職,4705.429,true,,true,113
r06-10-27,千葉県,7,1,true,当,さいとう健,齋藤健,けん,65,自由民主党,自由民主党,true,前,自由民主党千葉県第７選挙区支部長,82606,true,100.000,false,113
r06-10-27,千葉県,7,2,false,落,とくますきよ子,徳増記代子,こ,71,日本共産党,日本共産党,true,新,日本共産党東葛地区常任委員,18127,false,,false,113
r06-10-27,千葉県,7,3,false,落,平戸航太,,ひらどこうた,37,国民民主党,国民民主党,true,新,会社員,51749,true,62.645,false,113
r06-10-27,千葉県,8,1,false,落,石塚さだみち,石塚貞通,いしづか,57,日本維新の会,日本維新の会,true,新,司法書士,20338,true,25.849,false,113
r06-10-27,千葉県,8,2,true,当,本庄さとし,本庄知史,ほんじょう,50,立憲民主党,立憲民主党,true,前,政党役員,78678.614,true,100.000,false,113
r06-10-27,千葉県,8,3,false,落,松本いずみ,松本泉,まつもと,42,自由民主党,自由民主党,true,新,弁護士,59070,true,75.077,false,113
r06-10-27,千葉県,8,4,false,落,宮本ひろゆき,宮本寛之,みやもと,39,参政党,参政党,true,新,会社員,13872,false,,false,113
r06-10-27,千葉県,8,5,false,落,高橋さとし,髙橋敏,たかはし,67,日本共産党,日本共産党,true,新,党千葉県東葛地区委員会委員長,11296.385,false,,false,113
r06-10-27,千葉県,9,1,false,落,田沼たかし,田沼隆志,たぬま,48,日本維新の会,日本維新の会,true,元,政治団体職員,33034,true,38.262,false,113
r06-10-27,千葉県,9,2,false,落,たみやひさと,田宮寿人,,35,自由民主党,自由民主党,true,新,自由民主党千葉県第９選挙区支部長,65963,true,76.403,false,113
r06-10-27,千葉県,9,3,true,当,おくの総一郎,奥野總一郎,そういちろう,60,立憲民主党,立憲民主党,true,前,政党役員,86335,true,100.000,false,113
r06-10-27,千葉県,9,4,false,落,山崎はるゆき,山崎温之,やまざき,72,日本共産党,日本共産党,true,新,党地区委員長,11385,false,,false,113
r06-10-27,千葉県,10,1,false,落,しいな亮太,椎名亮太,りょうた,40,参政党,参政党,true,新,会社役員,11484,false,,false,113
r06-10-27,千葉県,10,2,false,落,仲ゆきこ,仲幸子,なか,69,日本共産党,日本共産党,true,新,セラピスト,8018,false,,false,113
r06-10-27,千葉県,10,3,false,落,いまどめ尚人,今留尚人,なおと,59,（無所属）,無所属,false,新,医師,1852,false,,false,113
r06-10-27,千葉県,10,4,false,落,谷田川はじめ,谷田川元,やたがわ,61,立憲民主党,立憲民主党,true,前,政党役員,67920,true,97.638,false,113
r06-10-27,千葉県,10,5,true,当,小池まさあき,小池正昭,こいけ,58,自由民主党,自由民主党,true,新,選挙区支部長,69563,true,100.000,false,113
r06-10-27,千葉県,11,1,true,当,森英介,,もりえいすけ,76,自由民主党,自由民主党,true,前,選挙区支部長,92187,false,,false,113
r06-10-27,千葉県,11,2,false,落,椎名史明,,しいなふみあき,67,日本共産党,日本共産党,true,新,政党役員,22720,false,,false,113
r06-10-27,千葉県,11,3,false,落,たがや亮,多ケ谷亮,りょう,55,れいわ新選組,れいわ新選組,true,前,会社経営,45616,true,49.482,false,113
r06-10-27,千葉県,12,1,false,落,くずはら茂,葛原茂,しげる,73,日本共産党,日本共産党,true,新,党千葉県南部地区委員長,10243,false,,false,113
r06-10-27,千葉県,12,2,false,落,ひだか剛,樋高剛,たけし,58,立憲民主党,立憲民主党,true,元,立憲民主党千葉県第１２区総支部長,45098,true,42.742,false,113
r06-10-27,千葉県,12,3,true,当,浜田やすかず,濱田靖一,はまだ,69,自由民主党,自由民主党,true,前,選挙区支部長,105510,true,100.000,false,114
r06-10-27,千葉県,12,4,false,落,地引直輝,,じびきなおき,45,日本維新の会,日本維新の会,true,新,公認会計士,25882,true,24.530,false,114
r06-10-27,千葉県,13,1,false,落,柏崎すえと,柏崎末人,かしわざき,77,日本共産党,日本共産党,true,新,党地区委員,11287,false,,false,114
r06-10-27,千葉県,13,2,true,当,松本ひさし,松本尚,まつもと,62,自由民主党,自由民主党,true,前,日本医科大学特任教授,96024,true,100.000,false,114
r06-10-27,千葉県,13,3,false,落,みやかわ伸,宮川伸,しん,54,立憲民主党,立憲民主党,true,元,政党役員,92501,true,96.331,false,114
r06-10-27,千葉県,13,4,false,落,なかやめぐ,中谷めぐみ,,43,参政党,参政党,true,新,ネイル・着付け個人サロン経営,19582,false,,false,114
r06-10-27,千葉県,14,1,false,落,高橋きょうすけ,髙橋恭介,たかはし,50,自由民主党,自由民主党,true,新,支部長,51723,true,35.470,false,114
r06-10-27,千葉県,14,2,false,落,ミサオ・レッドウルフ,篠藤操,,59,れいわ新選組,れいわ新選組,true,新,アクティビスト,10547,true,,true,114
r06-10-27,千葉県,14,3,true,当,野田よしひこ,野田佳彦,のだ,67,立憲民主党,立憲民主党,true,前,政党役員,145821,false,,false,114
r06-10-27,千葉県,14,4,false,落,坂井ようすけ,坂井洋介,さかい,45,日本共産党,日本共産党,true,新,党地区常任委員,11505,false,,false,114
r06-10-27,東京都,1,1,false,落,しんどう伸夫,新藤伸夫,のぶお,75,（お金をみんなへシン独立党）,お金をみんなへシン独立党,false,新,政治団体代表,530,false,,false,114
r06-10-27,東京都,1,2,false,落,おときた駿,音喜多駿,しゅん,41,日本維新の会,日本維新の会,true,新,政治団体役員,29002,true,50.899,false,114
r06-10-27,東京都,1,3,false,落,山田みき,山田美樹,やまだ,50,自由民主党,自由民主党,true,前,選挙区支部長,55040,false,,false,114
r06-10-27,東京都,1,4,false,落,新垣宏,,あらかきひろし,80,（無所属）,無所属,false,新,無職,716,false,,false,114
r06-10-27,東京都,1,5,false,落,中野けん,中野顕,なかの,60,日本共産党,日本共産党,true,新,政党職員,11889,false,,false,114
r06-10-27,東京都,1,6,true,当,海江田万里,,かいえだばんり,75,立憲民主党,立憲民主党,true,前,政党役員,56979,true,100.000,false,114
r06-10-27,東京都,1,7,false,落,さくらいしょうこ,櫻井祥子,,40,参政党,参政党,true,新,会社役員,10636,false,,false,114
r06-10-27,東京都,1,8,false,落,さとうさおり,佐藤沙織里,,35,（無所属）,無所属,false,新,公認会計士,12255,false,,false,114
r06-10-27,東京都,1,9,false,落,高木ひろし,髙木寛史,たかき,40,みんなでつくる党,みんなでつくる党,true,新,無職,951,false,,false,114
r06-10-27,東京都,2,1,false,落,ほその真理,細野真理,まり,43,日本共産党,日本共産党,true,新,団体職員,22316,false,,false,114
r06-10-27,東京都,2,2,false,落,もがみよしのり,最上佳則,,48,参政党,参政党,true,新,会社経営,11322,false,,false,114
r06-10-27,東京都,2,3,false,落,鳩山紀一郎,,はとやまきいちろう,48,国民民主党,国民民主党,true,新,政党役員,48527,true,73.470,false,114
r06-10-27,東京都,2,4,false,落,今村充,,いまむらみつる,49,日本維新の会,日本維新の会,true,新,医師,29860,true,45.208,false,114
r06-10-27,東京都,2,5,true,当,清人,,つじきよと,45,自由民主党,自由民主党,true,前,外務副大臣,66050,true,100.000,false,114
r06-10-27,東京都,3,1,false,落,かわぐちめぐみ,川口めぐみ,,51,（無所属）,無所属,false,新,行政書士,8822,false,,false,114
r06-10-27,東京都,3,2,false,落,植木ひろたか,植木洋貴,うえき,42,参政党,参政党,true,新,会社員,8731.013,false,,false,114
r06-10-27,東京都,3,3,false,落,あべ祐美子,阿部祐美子,ゆみこ,60,立憲民主党,立憲民主党,true,新,政党役員,54178,true,87.864,false,114
r06-10-27,東京都,3,4,false,落,吉平としたか,吉平敏孝,よしひら,43,日本維新の会,日本維新の会,true,新,無職,25745,true,41.752,false,115
r06-10-27,東京都,3,5,false,落,おくもとゆり,奥本有里,,47,国民民主党,国民民主党,true,新,政党役員,30351,true,49.222,false,115
r06-10-27,東京都,3,6,false,落,香西かつ介,香西克介,こうざいすけ,48,日本共産党,日本共産党,true,新,政党職員,12056,false,,false,115
r06-10-27,東京都,3,7,true,当,石原ひろたか,石原宏高,いしはら,60,自由民主党,自由民主党,true,前,選挙区支部長,61660.983,true,100.000,false,115
r06-10-27,東京都,4,1,false,落,井戸まさえ,井戸正枝,いど,58,国民民主党,国民民主党,true,元,ジャーナリスト,51810,true,59.707,false,115
r06-10-27,東京都,4,2,false,落,塩寺ゆうた,塩寺勇太,しおでら,40,参政党,参政党,true,新,会社役員,12176,false,,false,115
r06-10-27,東京都,4,3,true,当,平将明,,たいらまさあき,57,自由民主党,自由民主党,true,前,デジタル大臣,86773,true,100.000,false,115
r06-10-27,東京都,4,4,false,落,谷川智行,,たにがわともゆき,53,日本共産党,日本共産党,true,新,医師,32909,true,37.925,false,115
r06-10-27,東京都,4,5,false,落,石川まさとし,石川雅俊,いしかわ,44,日本維新の会,日本維新の会,true,新,医師,32063,true,36.950,false,115
r06-10-27,東京都,5,1,false,落,若宮けんじ,若宮健嗣,わかみや,63,自由民主党,自由民主党,true,前,選挙区支部長,69024,true,83.145,false,115
r06-10-27,東京都,5,2,false,落,いなば太郎,稲葉太郎,たろう,40,日本維新の会,日本維新の会,true,新,会社役員,36493,true,43.958,false,115
r06-10-27,東京都,5,3,false,落,ぬるき洋平,塗木洋平,ようへい,42,参政党,参政党,true,新,ヘルスケア専門職,13910,false,,false,115
r06-10-27,東京都,5,4,true,当,手塚よしお,手塚仁雄,てづか,58,立憲民主党,立憲民主党,true,前,政党役員,83016,true,100.000,false,115
r06-10-27,東京都,5,5,false,落,林りま,林理麻,はやし,50,（無所属）,無所属,false,新,会社員,5364,false,,false,115
r06-10-27,東京都,5,6,false,落,松本健太,,まつもとけんた,44,（無所属）,無所属,false,新,会社経営,1889.624,false,,false,115
r06-10-27,東京都,5,7,false,落,フクイケンタ,福井健太,,48,（無所属）,無所属,false,新,無職,1136.375,false,,false,115
r06-10-27,東京都,6,1,false,落,河村建一,,かわむらけんいち,48,日本維新の会,日本維新の会,true,新,大学客員准教授,32887,true,30.671,false,115
r06-10-27,東京都,6,2,true,当,落合貴之,,おちあいたかゆき,45,立憲民主党,立憲民主党,true,前,政党役員,107222,true,100.000,false,115
r06-10-27,東京都,6,3,false,落,土屋みわ,土屋美和,つちや,47,自由民主党,自由民主党,true,新,選挙区支部長,63899,true,59.595,false,115
r06-10-27,東京都,6,4,false,落,望月まさのり,望月正謹,もちづき,34,参政党,参政党,true,新,参議院議員秘書,22179,true,,true,115
r06-10-27,東京都,7,1,false,落,丸川珠代,大塚珠代,まるかわたまよ,53,自由民主党,自由民主党,true,新,選挙区支部長,55848,false,,false,115
r06-10-27,東京都,7,2,false,落,石川ゆりか,石川友梨香,いしかわ,28,参政党,参政党,true,新,美容師,16588,false,,false,115
r06-10-27,東京都,7,3,true,当,松尾あきひろ,松尾明弘,まつお,49,立憲民主党,立憲民主党,true,元,弁護士,86252,true,100.000,false,115
r06-10-27,東京都,7,4,false,落,小野たいすけ,小野泰輔,おの,50,日本維新の会,日本維新の会,true,前,無職,47196,true,54.718,false,115
r06-10-27,東京都,8,1,true,当,吉田はるみ,吉田晴美,よしだ,52,立憲民主党,立憲民主党,true,前,政党役員,116426,true,100.000,false,115
r06-10-27,東京都,8,2,false,落,大森紀明,,おおもりのりあき,53,参政党,参政党,true,新,会社役員,16310,false,,false,115
r06-10-27,東京都,8,3,false,落,門ひろこ,中島寛子,かど,44,自由民主党,自由民主党,true,新,選挙区支部長,74963,true,64.386,false,115
r06-10-27,東京都,8,4,false,落,南北ちとせ,,なんぼく,48,日本維新の会,日本維新の会,true,新,会社役員,20342,true,,true,116
r06-10-27,東京都,9,1,true,当,山岸一生,山岸一生,やまぎしいっせい,43,立憲民主党,立憲民主党,true,前,政党役員,75474,true,100.000,false,116
r06-10-27,東京都,9,2,false,落,すがわら一秀,菅原一秀,いっしゅう,62,（無所属）,無所属,false,元,会社役員,64798,false,,false,116
r06-10-27,東京都,9,3,false,落,大河内しげた,大河内茂太,おおこうち,53,日本維新の会,日本維新の会,true,新,会社役員,23488,true,31.120,false,116
r06-10-27,東京都,9,4,false,落,大津あやか,大津綾香,おおつ,31,みんなでつくる党,みんなでつくる党,true,新,政党党首,7245,true,,true,116
r06-10-27,東京都,10,1,false,落,鈴木ようすけ,鈴木庸介,すずき,48,立憲民主党,立憲民主党,true,前,政党役員,92899.846,true,99.368,false,116
r06-10-27,東京都,10,2,true,当,鈴木隼人,,すずきはやと,47,自由民主党,自由民主党,true,前,選挙区支部長,93490.555,true,100.000,false,116
r06-10-27,東京都,10,3,false,落,永野ひろ子,鈴木裕子,ながのこ,52,日本維新の会,日本維新の会,true,新,行政書士,39555.596,true,42.309,false,116
r06-10-27,東京都,10,4,false,落,安田しん,安田伸,やすだ,53,参政党,参政党,true,新,自営業,15970,false,,false,116
r06-10-27,東京都,11,1,false,落,下村博文,下村博文,しもむらはくぶん,70,（無所属）,無所属,false,前,無職,57275,false,,false,116
r06-10-27,東京都,11,2,false,落,イハまさのり,伊波政昇,,72,日本共産党,日本共産党,true,新,政党役員,17607,false,,false,116
r06-10-27,東京都,11,3,true,当,あくつ幸彦,阿久津幸彦,ゆきひこ,68,立憲民主党,立憲民主党,true,元,政党役員,80947,true,100.000,false,116
r06-10-27,東京都,11,4,false,落,大豆生田みのる,大豆生田実,おおまみうだ,58,日本維新の会,日本維新の会,true,新,会社役員,33103,true,40.894,false,116
r06-10-27,東京都,11,5,false,落,さいとうたかゆき,斎藤孝幸,,58,（無所属）,無所属,false,新,会社役員,8316,false,,false,116
r06-10-27,東京都,12,1,false,落,阿部司,,あべつかさ,42,日本維新の会,日本維新の会,true,前,政治団体役員,52233,true,75.834,false,116
r06-10-27,東京都,12,2,false,落,大くま利昭,大熊利昭,おおとしあき,61,国民民主党,国民民主党,true,元,政党役員,44524,true,64.641,false,116
r06-10-27,東京都,12,3,false,落,田原聖子,,たはらせいこ,55,日本共産党,日本共産党,true,新,政党役員,41504,false,,false,116
r06-10-27,東京都,12,4,true,当,高木けい,髙木啓,たかぎ,59,自由民主党,自由民主党,true,前,選挙区支部長,68878,true,100.000,false,116
r06-10-27,東京都,13,1,false,落,重田じゅんぺい,重田惇平,しげた,29,日本維新の会,日本維新の会,true,新,政治団体役員,26989,true,35.961,false,116
r06-10-27,東京都,13,2,false,落,森ようすけ,森洋介,もり,30,国民民主党,国民民主党,true,新,政党役員,58385,true,77.794,false,116
r06-10-27,東京都,13,3,false,落,沢田しんご,沢田真吾,さわだ,39,日本共産党,日本共産党,true,新,政党役員,29004,false,,false,116
r06-10-27,東京都,13,4,true,当,土田しん,土田慎,つちだ,33,自由民主党,自由民主党,true,前,デジタル大臣政務官,75050,true,100.000,false,116
r06-10-27,東京都,14,1,false,落,伊藤なな,伊藤菜々,いとう,35,国民民主党,国民民主党,true,新,会社役員,53211,true,70.141,false,116
r06-10-27,東京都,14,2,false,落,大賀やすろう,大賀靖郎,おおが,42,参政党,参政党,true,新,個人事業主,10210,false,,false,116
r06-10-27,東京都,14,3,false,落,斉藤かよ,齋藤佳代,さいとう,45,日本維新の会,日本維新の会,true,新,政治団体役員,21628,true,28.509,false,116
r06-10-27,東京都,14,4,false,落,大塚紀久雄,,おおつかきくお,83,（無所属）,無所属,false,新,不動産業（貸事務所）,1481,false,,false,116
r06-10-27,東京都,14,5,false,落,くしぶち万里,櫛渕万里,まり,57,れいわ新選組,れいわ新選組,true,前,政治団体役員,25328,true,33.386,false,117
r06-10-27,東京都,14,6,true,当,松島みどり,馬場みどり,まつしま,68,自由民主党,自由民主党,true,前,選挙区支部長,75862,true,100.000,false,117
r06-10-27,東京都,14,7,false,落,原努,,はらつとむ,42,日本共産党,日本共産党,true,新,政党役員,20987,false,,false,117
r06-10-27,東京都,15,1,false,落,小堤東,,こづつみあづま,35,日本共産党,日本共産党,true,新,政党役員,15049,false,,false,117
r06-10-27,東京都,15,2,false,落,須藤元気,,すどうげんき,46,（無所属）,無所属,false,新,会社経営,65666,false,,false,117
r06-10-27,東京都,15,3,true,当,酒井なつみ,酒井菜摘,さかい,38,立憲民主党,立憲民主党,true,前,政党役員,66791,true,100.000,false,117
r06-10-27,東京都,15,4,false,落,大空こうき,大空幸星,おおぞら,25,自由民主党,自由民主党,true,新,選挙区支部長,62771,true,93.981,false,117
r06-10-27,東京都,15,5,false,落,金澤ゆい,金澤結衣,かなざわ,34,（無所属）,無所属,false,新,無職,32442,false,,false,117
r06-10-27,東京都,16,1,false,落,中津川ひろさと,中津川博郷,なかつがわ,75,日本維新の会,日本維新の会,true,元,会社顧問,28538,true,39.786,false,117
r06-10-27,東京都,16,2,false,落,宮本栄,,みやもとさかえ,62,日本共産党,日本共産党,true,新,政党役員,14464,false,,false,117
r06-10-27,東京都,16,3,true,当,大西洋平,,おおにしようへい,46,自由民主党,自由民主党,true,新,選挙区支部長,71728,true,100.000,false,117
r06-10-27,東京都,16,4,false,落,有田まさとし,有田正寿,ありた,43,参政党,参政党,true,新,会社員,16636,false,,false,117
r06-10-27,東京都,16,5,false,落,柴田かつゆき,柴田勝之,しばた,56,立憲民主党,立憲民主党,true,新,弁護士,60714,true,84.644,false,117
r06-10-27,東京都,17,1,false,落,いのくち幸子,猪口幸子,さちこ,68,日本維新の会,日本維新の会,true,新,医師,42420,true,65.772,false,117
r06-10-27,東京都,17,2,false,落,新井杉生,,あらいすぎお,65,日本共産党,日本共産党,true,新,政党役員,26564,false,,false,117
r06-10-27,東京都,17,3,false,落,円より子,山﨑順子,まどかこ,77,国民民主党,国民民主党,true,新,ジャーナリスト,51975,true,80.587,false,117
r06-10-27,東京都,17,4,true,当,平沢勝栄,平澤勝榮,ひらさわかつえい,79,（無所属）,無所属,false,前,選挙区支部長,64495,false,,false,117
r06-10-27,東京都,18,1,false,落,徳永ゆきこ,徳永由紀子,とくなが,47,参政党,参政党,true,新,看護師,19496,false,,false,117
r06-10-27,東京都,18,2,false,落,口まこと,口亮,ひぐち,37,日本共産党,日本共産党,true,新,日本共産党職員,18512,false,,false,117
r06-10-27,東京都,18,3,false,落,松下玲子,内田玲子,まつしたれいこ,54,立憲民主党,立憲民主党,true,新,政党役員,96820,true,97.796,false,117
r06-10-27,東京都,18,4,true,当,福田かおる,北口かおる,ふくだ,39,自由民主党,自由民主党,true,新,選挙区支部長,99002,true,100.000,false,117
r06-10-27,東京都,19,1,false,落,いでしげ美津子,松井美津子,みつこ,60,日本共産党,日本共産党,true,新,政党役員,20417,false,,false,117
r06-10-27,東京都,19,2,true,当,末松義規,,すえまつよしのり,67,立憲民主党,立憲民主党,true,前,政党役員,76899,true,100.000,false,117
r06-10-27,東京都,19,3,false,落,松本洋平,,まつもとようへい,51,自由民主党,自由民主党,true,前,選挙区支部長,74435,true,96.795,false,117
r06-10-27,東京都,19,4,false,落,吉田圭一郎,,よしだけいいちろう,32,日本維新の会,日本維新の会,true,新,自営業,23289,true,30.285,false,117
r06-10-27,東京都,20,1,false,落,大西けんたろう,大西健太郎,おおにし,45,国民民主党,国民民主党,true,新,政党役員,65435,true,70.066,false,117
r06-10-27,東京都,20,2,false,落,宮本徹,染矢徹,みやもととおる,52,日本共産党,日本共産党,true,前,党中央委員,58215,true,62.335,false,118
r06-10-27,東京都,20,3,true,当,木原誠二,,きはらせいじ,54,自由民主党,自由民主党,true,前,選挙区支部長,93390,true,100.000,false,118
r06-10-27,東京都,21,1,false,落,山下ようこ,山下容子,やました,65,日本維新の会,日本維新の会,true,新,フリーアナウンサー,36642,true,40.388,false,118
r06-10-27,東京都,21,2,false,落,森ゆういち,森裕一,もり,49,参政党,参政党,true,新,NPO法人理事,18511,false,,false,118
r06-10-27,東京都,21,3,false,落,小田原きよし,小田原潔,おだわら,60,（無所属）,無所属,false,前,政党選挙区支部長,69421,false,,false,118
r06-10-27,東京都,21,4,true,当,大河原まさこ,大河原雅子,おおかわら,71,立憲民主党,立憲民主党,true,前,政党役員,90724,true,100.000,false,118
r06-10-27,東京都,22,1,false,落,平野よしたか,平野義尚,ひらの,38,日本共産党,日本共産党,true,新,政党役員,25453,false,,false,118
r06-10-27,東京都,22,2,true,当,山花郁夫,,やまはないくお,57,立憲民主党,立憲民主党,true,元,政党役員,99790,true,100.000,false,118
r06-10-27,東京都,22,3,false,落,鈴木みか,鈴木美香,すずき,60,参政党,参政党,true,新,無職,26005,false,,false,118
r06-10-27,東京都,22,4,false,落,伊藤達也,,いとうたつや,63,自由民主党,自由民主党,true,前,選挙区支部長,96748,true,96.951,false,118
r06-10-27,東京都,23,1,false,落,ＡＩメイヤー,松田道人,えいあい,51,みんなでつくる党,みんなでつくる党,true,新,実業家,6475,false,,false,118
r06-10-27,東京都,23,2,false,落,よしわら修,吉原修,おさむ,68,自由民主党,自由民主党,true,新,選挙区支部長,71154,true,63.614,false,118
r06-10-27,東京都,23,3,true,当,伊藤しゅんすけ,伊藤俊輔,いとう,45,立憲民主党,立憲民主党,true,前,政党役員,111851,true,100.000,false,118
r06-10-27,東京都,24,1,false,落,よくらさゆり,與倉さゆり,,40,参政党,参政党,true,新,会社員,8678,false,,false,118
r06-10-27,東京都,24,2,false,落,有田芳生,,ありたよしふ,72,立憲民主党,立憲民主党,true,新,ジャーナリスト,71683,true,90.490,false,118
r06-10-27,東京都,24,3,false,落,畑尻文夫,,はたじりあやお,69,（無所属）,無所属,false,新,自営業,2251,false,,false,118
r06-10-27,東京都,24,4,false,落,浦川ゆうすけ,浦川祐輔,うらかわ,31,国民民主党,国民民主党,true,新,弁護士,24653,true,31.121,false,118
r06-10-27,東京都,24,5,false,落,さとう由美,佐藤由美,ゆみ,52,日本維新の会,日本維新の会,true,新,政治団体役員,18501,true,,true,118
r06-10-27,東京都,24,6,true,当,はぎうだ光一,萩生田光一,こういち,61,（無所属）,無所属,false,前,選挙区支部長,79216,false,,false,118
r06-10-27,東京都,25,1,false,落,よだかれん,依田花蓮,,52,れいわ新選組,れいわ新選組,true,新,行政書士,29179,true,26.409,false,118
r06-10-27,東京都,25,2,false,落,池田公三,,いけだこうぞう,75,日本共産党,日本共産党,true,新,無職,27323,false,,false,118
r06-10-27,東京都,25,3,true,当,井上信治,,いのうえしんじ,55,自由民主党,自由民主党,true,前,選挙区支部長,110488,true,100.000,false,118
r06-10-27,東京都,25,4,false,落,宮﨑たろう,宮﨑太朗,みやざき,44,日本維新の会,日本維新の会,true,新,会社役員,41080,true,37.180,false,118
r06-10-27,東京都,26,1,false,落,たぶち正文,田淵正文,まさふみ,66,（無所属）,無所属,false,新,医師,14602,false,,false,118
r06-10-27,東京都,26,2,false,落,和田正子,,わだまさこ,75,日本共産党,日本共産党,true,新,政党役員,28819,false,,false,118
r06-10-27,東京都,26,3,false,落,今岡うえき,今岡植,いまおか,36,自由民主党,自由民主党,true,新,選挙区支部長,68568,true,63.386,false,118
r06-10-27,東京都,26,4,false,落,ふじた久美,藤田久美,くみ,46,参政党,参政党,true,新,自営業,17250,false,,false,119
r06-10-27,東京都,26,5,true,当,まつばら仁,松原仁,じん,68,（無所属）,無所属,false,前,政治団体役員,108174,false,,false,119
r06-10-27,東京都,27,1,false,落,石倉こうじろう,石倉弘次郎,いしくら,26,（無所属）,無所属,false,新,会社員,10542,false,,false,119
r06-10-27,東京都,27,2,true,当,ながつま昭,長妻昭,あきら,64,立憲民主党,立憲民主党,true,前,政党役員,112388,true,100.000,false,119
r06-10-27,東京都,27,3,false,落,石川めい子,石川芽生子,いしかわこ,41,参政党,参政党,true,新,会社員,22947,false,,false,119
r06-10-27,東京都,27,4,false,落,黒崎祐一,黒﨑祐一,くろさきゆういち,47,自由民主党,自由民主党,true,新,選挙区支部長,59952,true,53.343,false,119
r06-10-27,東京都,28,1,false,落,たかの直美,高野直美,なおみ,70,日本共産党,日本共産党,true,新,無職,14530,false,,false,119
r06-10-27,東京都,28,2,false,落,奥村よしひろ,奥村祥大,おくむら,30,国民民主党,国民民主党,true,新,政党役員,34930,true,68.996,false,119
r06-10-27,東京都,28,3,false,落,安藤たかお,安藤高夫,あんどう,65,自由民主党,自由民主党,true,元,医師,50290,true,99.336,false,119
r06-10-27,東京都,28,4,false,落,江崎さなえ,江崎早苗,えざき,38,参政党,参政党,true,新,会社役員,11109,true,,true,119
r06-10-27,東京都,28,5,true,当,高松さとし,高松智之,たかまつ,50,立憲民主党,立憲民主党,true,新,政党役員,50626,true,100.000,false,119
r06-10-27,東京都,28,6,false,落,藤川たかし,藤川隆史,ふじかわ,68,日本維新の会,日本維新の会,true,新,会社役員,12344,true,,true,119
r06-10-27,東京都,29,1,true,当,岡本みつなり,岡本三成,おかもと,59,公明党,公明党,true,前,政党役員,60100,false,,false,119
r06-10-27,東京都,29,2,false,落,たるい良和,井良和,よしかず,57,国民民主党,国民民主党,true,元,会社役員,31367,true,52.191,false,119
r06-10-27,東京都,29,3,false,落,えびさわ由紀,海老澤由紀,ゆき,50,日本維新の会,日本維新の会,true,新,自営業,24107,true,40.111,false,119
r06-10-27,東京都,29,4,false,落,木村たけつか,木村剛司,きむら,53,立憲民主党,立憲民主党,true,元,政党役員,47996,true,79.860,false,119
r06-10-27,東京都,29,5,false,落,鈴木けんいち,鈴木賢一,すずき,63,日本共産党,日本共産党,true,新,政党職員,17325,false,,false,119
r06-10-27,東京都,30,1,false,落,早川かん,早川寛,はやかわ,44,日本共産党,日本共産党,true,新,政党職員,19061,false,,false,119
r06-10-27,東京都,30,2,true,当,五十嵐えり,五十嵐衣里,いがらし,40,立憲民主党,立憲民主党,true,新,弁護士,98146,true,100.000,false,119
r06-10-27,東京都,30,3,false,落,三井けん,三井健,みつい,61,みんなでつくる党,みんなでつくる党,true,新,起業家,7815,false,,false,119
r06-10-27,東京都,30,4,false,落,武田ゆういちろう,武田祐一郎,たけだ,38,参政党,参政党,true,新,会社員,17013,false,,false,119
r06-10-27,東京都,30,5,false,落,長島昭久,,ながしまあきひさ,62,自由民主党,自由民主党,true,前,選挙区支部長,91798,true,93.532,false,119
r06-10-27,神奈川県,1,1,false,落,浅川義治,,あさかわよしはる,56,日本維新の会,日本維新の会,true,前,無職,28841,true,31.414,false,119
r06-10-27,神奈川県,1,2,false,落,松本純,,まつもとじゅん,74,自由民主党,自由民主党,true,元,選挙区支部長,68931,false,,false,119
r06-10-27,神奈川県,1,3,false,落,蓮池ゆきお,蓮池幸雄,はすいけ,72,日本共産党,日本共産党,true,新,無職,13572,false,,false,119
r06-10-27,神奈川県,1,4,false,落,いとうまみこ,伊東万美子,,53,参政党,参政党,true,新,会社役員代表,20110,false,,false,119
r06-10-27,神奈川県,1,5,true,当,しのはら豪,篠原豪,ごう,49,立憲民主党,立憲民主党,true,前,政党役員,91809,true,100.000,false,119
r06-10-27,神奈川県,2,1,false,落,並木まり子,,なみきこ,73,日本共産党,日本共産党,true,新,介護職,19538,false,,false,120
r06-10-27,神奈川県,2,2,false,落,三好りょう,三好諒,みよし,39,れいわ新選組,れいわ新選組,true,新,れいわ新選組山本太郎参議院議員事務所私設秘書,27535,true,23.032,false,120
r06-10-27,神奈川県,2,3,true,当,すが義偉,菅義偉,よしひで,75,自由民主党,自由民主党,true,前,自由民主党副総裁,119548,false,,false,120
r06-10-27,神奈川県,2,4,false,落,平本こうじろう,平本幸次郎,ひらもと,62,参政党,参政党,true,新,会社代表,15315,false,,false,120
r06-10-27,神奈川県,2,5,false,落,やなぎや東三楼,稲葉昭義,とうざぶろう,48,立憲民主党,立憲民主党,true,新,落語家,47222,true,39.500,false,120
r06-10-27,神奈川県,3,1,false,落,中村たけと,福田武人,なかむら,49,立憲民主党,立憲民主党,true,新,政党役員,71464,true,77.572,false,120
r06-10-27,神奈川県,3,2,false,落,佐藤かおり,佐藤香,さとう,50,日本維新の会,日本維新の会,true,新,無職,26622,true,28.897,false,120
r06-10-27,神奈川県,3,3,false,落,横山せいご,横山征吾,よこやま,53,日本共産党,日本共産党,true,新,党神奈川県青年学生部長,18145,true,,true,120
r06-10-27,神奈川県,3,4,false,落,内田えみこ,内田恵美子,うちだ,48,参政党,参政党,true,新,自営業（学習塾代表兼講師）,18866,false,,false,120
r06-10-27,神奈川県,3,5,true,当,中西けんじ,中西健治,なかにし,60,自由民主党,自由民主党,true,前,選挙区支部長,92125,true,100.000,false,120
r06-10-27,神奈川県,4,1,true,当,早稲田ゆき,早稲田夕季,わせだ,65,立憲民主党,立憲民主党,true,前,政党役員,96874,true,100.000,false,120
r06-10-27,神奈川県,4,2,false,落,山本ともひろ,山本朋広,やまもと,49,自由民主党,自由民主党,true,前,選挙区支部長,44016,true,45.436,false,120
r06-10-27,神奈川県,4,3,false,落,加藤ちか,加藤千華,かとう,26,日本維新の会,日本維新の会,true,新,会社従業員,34625,true,35.742,false,120
r06-10-27,神奈川県,4,4,false,落,津野てるひさ,津野照久,つの,57,参政党,参政党,true,新,自営業,12704,false,,false,120
r06-10-27,神奈川県,5,1,false,落,久坂くにえ,,くさか,51,日本維新の会,日本維新の会,true,新,政治団体役員,33863,true,42.068,false,120
r06-10-27,神奈川県,5,2,false,落,高宮みち子,高宮美智子,たかみやこ,72,日本共産党,日本共産党,true,新,団体役員,15794,false,,false,120
r06-10-27,神奈川県,5,3,false,落,山崎誠,,やまざきまこと,61,立憲民主党,立憲民主党,true,前,政党役員,67399,true,83.730,false,120
r06-10-27,神奈川県,5,4,true,当,さかい学,坂井学,まなぶ,59,自由民主党,自由民主党,true,前,選挙区支部長,80495,true,100.000,false,120
r06-10-27,神奈川県,6,1,false,落,古川なおき,古川直季,ふるかわ,56,自由民主党,自由民主党,true,前,選挙区支部長,79281,true,98.845,false,120
r06-10-27,神奈川県,6,2,false,落,植木まりこ,植木眞理子,うえき,74,日本共産党,日本共産党,true,新,神奈川プランニング（有）取締役,16520,false,,false,120
r06-10-27,神奈川県,6,3,false,落,しおさか源一郎,塩坂源一郎,げんいちろう,61,日本維新の会,日本維新の会,true,新,会社員,22994,true,28.668,false,120
r06-10-27,神奈川県,6,4,true,当,あおやぎ陽一郎,青栁陽一郎,よういちろう,55,立憲民主党,立憲民主党,true,前,政党役員,80207,true,100.000,false,120
r06-10-27,神奈川県,7,1,false,落,鈴木けいすけ,鈴木馨祐,すずき,47,自由民主党,自由民主党,true,前,選挙区支部長,61337,true,85.293,false,120
r06-10-27,神奈川県,7,2,true,当,中谷一馬,,なかたにかずま,41,立憲民主党,立憲民主党,true,前,政党役員,71913,true,100.000,false,120
r06-10-27,神奈川県,7,3,false,落,むなかた富次郎,宗像富次郎,とみじろう,63,日本維新の会,日本維新の会,true,新,自営業,16697,true,23.218,false,120
r06-10-27,神奈川県,7,4,false,落,大野拓夫,,おおのたくお,56,（無所属）,無所属,false,新,団体職員,15678,false,,false,120
r06-10-27,神奈川県,8,1,false,落,飯田よしき,飯田能生,いいだ,62,日本共産党,日本共産党,true,新,団体職員,17558,false,,false,121
r06-10-27,神奈川県,8,2,true,当,江田けんじ,江田憲司,えだ,68,立憲民主党,立憲民主党,true,前,政党役員,119971,true,100.000,false,121
r06-10-27,神奈川県,8,3,false,落,みたに英弘,三谷英弘,ひでひろ,48,自由民主党,自由民主党,true,前,選挙区支部長,95832,true,79.879,false,121
r06-10-27,神奈川県,9,1,false,落,赤石ひろ子,赤石博子,あかいしこ,63,日本共産党,日本共産党,true,新,政党役員,18835,false,,false,121
r06-10-27,神奈川県,9,2,true,当,笠ひろふみ,笠浩史,りゅう,59,立憲民主党,立憲民主党,true,前,立憲民主党神奈川県第９区総支部長,93878,true,100.000,false,121
r06-10-27,神奈川県,9,3,false,落,吉田大成,,よしだたいせい,54,日本維新の会,日本維新の会,true,新,無職,24283,true,25.866,false,121
r06-10-27,神奈川県,9,4,false,落,中山のりひろ,中山展宏,なかやま,56,自由民主党,自由民主党,true,前,選挙区支部長,52358,true,55.772,false,121
r06-10-27,神奈川県,10,1,false,落,片柳すすむ,片柳進,かたやなぎ,47,日本共産党,日本共産党,true,新,日本共産党川崎南部地区委員会常任,17700,false,,false,121
r06-10-27,神奈川県,10,2,true,当,田中かずのり,田中和德,たなか,75,自由民主党,自由民主党,true,前,選挙区支部長,57380,false,,false,121
r06-10-27,神奈川県,10,3,false,落,鈴木みつたか,鈴木光貴,すずき,42,立憲民主党,立憲民主党,true,新,政党役員,39409,true,68.680,false,121
r06-10-27,神奈川県,10,4,false,落,金村りゅうな,金村龍那,かねむら,45,日本維新の会,日本維新の会,true,前,会社役員,51121,true,89.092,false,121
r06-10-27,神奈川県,11,1,false,落,ためそう稔,爲壮稔,みのる,71,日本共産党,日本共産党,true,新,無職,24850,false,,false,121
r06-10-27,神奈川県,11,2,false,落,はじかのひろき,初鹿野裕樹,,47,参政党,参政党,true,新,会社顧問,24718,false,,false,121
r06-10-27,神奈川県,11,3,true,当,小泉進次郎,,こいずみしんじろう,43,自由民主党,自由民主党,true,前,党選対委員長,129779,false,,false,121
r06-10-27,神奈川県,12,1,false,落,加藤なを子,,かとうこ,66,日本共産党,日本共産党,true,新,地方議員相談員,13326,false,,false,121
r06-10-27,神奈川県,12,2,false,落,水戸まさし,水戸将史,みと,62,日本維新の会,日本維新の会,true,元,税理士,29458,true,34.940,false,121
r06-10-27,神奈川県,12,3,true,当,あべともこ,阿部知子,,76,立憲民主党,立憲民主党,true,前,小児科医師,84310,true,100.000,false,121
r06-10-27,神奈川県,12,4,false,落,星野つよし,星野剛士,ほしの,61,自由民主党,自由民主党,true,前,選挙区支部長,65684,true,77.907,false,121
r06-10-27,神奈川県,12,5,false,落,江岡たかひろ,江岡貴宏,えおか,38,参政党,参政党,true,新,会社員,19518,true,,true,121
r06-10-27,神奈川県,13,1,true,当,太ひでし,森川栄志,ふとり,47,立憲民主党,立憲民主党,true,前,政党役員,88833,true,100.000,false,121
r06-10-27,神奈川県,13,2,false,落,京としひで,京利英,きょう,44,日本維新の会,日本維新の会,true,新,会社役員,16531,true,,true,121
r06-10-27,神奈川県,13,3,false,落,まるたこう一郎,丸田康一郎,いちろう,39,自由民主党,自由民主党,true,新,選挙区支部長,60237,true,67.809,false,121
r06-10-27,神奈川県,13,4,false,落,早川うた子,早川宇多子,はやかわこ,67,日本共産党,日本共産党,true,新,無職,10703,false,,false,121
r06-10-27,神奈川県,13,5,false,落,石井匡,,いしいただし,57,参政党,参政党,true,新,会社員,12177,false,,false,121
r06-10-27,神奈川県,14,1,false,落,先沖仁志,,さきおきひとし,48,参政党,参政党,true,新,会社経営,15090,false,,false,121
r06-10-27,神奈川県,14,2,false,落,長友よしひろ,長友克洋,ながとも,53,立憲民主党,立憲民主党,true,新,社会福祉法人理事,74238,true,91.170,false,122
r06-10-27,神奈川県,14,3,true,当,あかま二郎,赤間二郎,じろう,56,自由民主党,自由民主党,true,前,選挙区支部長,81428,true,100.000,false,122
r06-10-27,神奈川県,14,4,false,落,中村圭,,なかむらけい,44,日本共産党,日本共産党,true,新,北部地区委員会職員,14930,false,,false,122
r06-10-27,神奈川県,14,5,false,落,熊坂たかのり,熊坂崇徳,くまさか,42,日本維新の会,日本維新の会,true,新,無職,19764,true,,true,122
r06-10-27,神奈川県,15,1,false,落,藤田しゅういち,藤田修一,ふじた,58,参政党,参政党,true,新,会社員,23793,true,18.461,false,122
r06-10-27,神奈川県,15,2,true,当,河野太郎,,こうのたろう,61,自由民主党,自由民主党,true,前,選挙区支部長,128881,true,100.000,false,122
r06-10-27,神奈川県,15,3,false,落,佐々木かつみ,佐々木克己,ささき,69,社会民主党,社会民主党,true,新,武蔵野大学外国人留学生日本語別科教員,39980,true,31.020,false,122
r06-10-27,神奈川県,15,4,false,落,うつみさとる,内海聡,,49,（無所属）,無所属,false,新,医師,39183,false,,false,122
r06-10-27,神奈川県,16,1,true,当,ごとう祐一,後藤祐一,ゆういち,55,立憲民主党,立憲民主党,true,前,政党役員,100677,true,100.000,false,122
r06-10-27,神奈川県,16,2,false,落,よしいえ弘介,義家弘介,ひろゆき,53,自由民主党,自由民主党,true,前,選挙区支部長,66952,false,,false,122
r06-10-27,神奈川県,16,3,false,落,山本みずえ,山本瑞恵,やまもと,57,日本共産党,日本共産党,true,新,介護福祉士,11437,false,,false,122
r06-10-27,神奈川県,16,4,false,落,いさじよしえ,伊左次美江,,63,日本維新の会,日本維新の会,true,新,オペラ歌手,16325,true,,true,122
r06-10-27,神奈川県,16,5,false,落,吉村勝男,,よしむらかつお,69,（無所属）,無所属,false,新,無職,4364,false,,false,122
r06-10-27,神奈川県,17,1,true,当,牧島かれん,,まきしま,47,自由民主党,自由民主党,true,前,選挙区支部長,115235,true,100.000,false,122
r06-10-27,神奈川県,17,2,false,落,佐々木ナオミ,佐々木奈保美,ささき,55,立憲民主党,立憲民主党,true,新,会社役員,111061,true,96.377,false,122
r06-10-27,神奈川県,18,1,false,落,君嶋ちか子,君嶋千佳子,きみしまこ,74,日本共産党,日本共産党,true,新,無職,21898,false,,false,122
r06-10-27,神奈川県,18,2,false,落,西岡よしたか,西岡義高,にしおか,47,国民民主党,国民民主党,true,新,政党役員,52596,true,76.634,false,122
r06-10-27,神奈川県,18,3,false,落,やまぎわ大志郎,山際大志郎,だいしろう,56,自由民主党,自由民主党,true,前,選挙区支部長,52593,true,76.630,false,122
r06-10-27,神奈川県,18,4,true,当,そうの創,宗野創,はじめ,31,立憲民主党,立憲民主党,true,新,政党役員,68632,true,100.000,false,122
r06-10-27,神奈川県,18,5,false,落,横田光弘,,よこたみつひろ,66,日本維新の会,日本維新の会,true,新,会社役員,27727,true,40.399,false,122
r06-10-27,神奈川県,19,1,false,落,横関かつひろ,横関克弘,よこぜき,71,日本共産党,日本共産党,true,新,無職,9008,false,,false,122
r06-10-27,神奈川県,19,2,false,落,そえだ勝,添田勝,まさる,46,日本維新の会,日本維新の会,true,新,会社役員,25630,true,39.850,false,122
r06-10-27,神奈川県,19,3,true,当,くさま剛,草間剛,つよし,42,自由民主党,自由民主党,true,新,選挙区支部長,64315,true,100.000,false,122
r06-10-27,神奈川県,19,4,false,落,深作ヘスス,深作光輝ヘスス,ふかさく,39,国民民主党,国民民主党,true,新,政党役員,50578,true,78.641,false,122
r06-10-27,神奈川県,19,5,false,落,佐藤たかし,佐喬,さとう,42,立憲民主党,立憲民主党,true,新,政党役員,50857,true,79.074,false,122
r06-10-27,神奈川県,19,6,false,落,木小百合,,きよしさゆり,69,（無所属）,無所属,false,新,無職,4859,false,,false,122
r06-10-27,神奈川県,20,1,false,落,甘利明,,あまりあきら,75,自由民主党,自由民主党,true,前,選挙区支部長,63217,false,,false,123
r06-10-27,神奈川県,20,2,true,当,大塚さゆり,杉﨑小百合,おおつか,44,立憲民主党,立憲民主党,true,新,社会福祉法人理事,83282,true,100.000,false,123
r06-10-27,神奈川県,20,3,false,落,金子洋一,,かねこよういち,62,日本維新の会,日本維新の会,true,新,政治団体役員,31550,true,37.883,false,123
r06-10-27,新潟県,1,1,true,当,西村ちなみ,本多智奈美,にしむら,57,立憲民主党,立憲民主党,true,前,政党役員,99487,true,100.000,false,123
r06-10-27,新潟県,1,2,false,落,つかだ一郎,塚田一郎,いちろう,60,自由民主党,自由民主党,true,前,選挙区支部長,61025,true,61.339,false,123
r06-10-27,新潟県,1,3,false,落,中村たけお,中村岳夫,なかむら,49,日本共産党,日本共産党,true,新,青年学生対策部長,10845,false,,false,123
r06-10-27,新潟県,1,4,false,落,石﨑とおる,石﨑徹,いしざき,40,日本維新の会,日本維新の会,true,元,会社役員,17299,true,,true,123
r06-10-27,新潟県,2,1,true,当,菊田まきこ,菊田真紀子,きくた,55,立憲民主党,立憲民主党,true,前,政党役員,123334,true,100.000,false,123
r06-10-27,新潟県,2,2,false,落,ほそだ健一,細田健一,けんいち,60,（無所属）,無所属,false,前,選挙区支部長,67124,false,,false,123
r06-10-27,新潟県,2,3,false,落,井上もとゆき,井上基之,いのうえ,44,日本維新の会,日本維新の会,true,新,団体役員,29023,true,23.532,false,123
r06-10-27,新潟県,3,1,true,当,黒岩たかひろ,黒岩宇洋,くろいわ,58,立憲民主党,立憲民主党,true,元,政党役員,105275,true,100.000,false,123
r06-10-27,新潟県,3,2,false,落,さいとう洋明,齋藤洋明,ひろあき,47,自由民主党,自由民主党,true,前,選挙区支部長,94984,true,90.224,false,123
r06-10-27,新潟県,3,3,false,落,よしむらゆういちろう,吉村祐一郎,,49,日本維新の会,日本維新の会,true,新,飲食店経営,13370,true,,true,123
r06-10-27,新潟県,4,1,false,落,泉田ひろひこ,泉田裕彦,いずみだ,62,（無所属）,無所属,false,前,行政書士,43396,false,,false,123
r06-10-27,新潟県,4,2,false,落,わしお英一郎,鷲尾英一郎,えいいちろう,47,自由民主党,自由民主党,true,前,公認会計士,71672,true,76.438,false,123
r06-10-27,新潟県,4,3,true,当,米山隆一,,よねやまりゅういち,57,立憲民主党,立憲民主党,true,前,医師,93764,true,100.000,false,123
r06-10-27,新潟県,5,1,true,当,うめたに守,梅谷守,まもる,50,立憲民主党,立憲民主党,true,前,政党役員,114429,true,100.000,false,123
r06-10-27,新潟県,5,2,false,落,たかとり修一,髙鳥修一,しゅういち,64,自由民主党,自由民主党,true,前,選挙区支部長,92589,false,,false,123
r06-10-27,富山県,1,1,false,落,山としひろ,山登志浩,やま,44,立憲民主党,立憲民主党,true,新,政党役員,45179,true,98.392,false,123
r06-10-27,富山県,1,2,false,落,吉田とよふみ,吉田豊史,よしだ,54,（無所属）,無所属,false,前,会社役員,19870,false,,false,123
r06-10-27,富山県,1,3,true,当,たばた裕明,田畑裕明,ひろあき,51,自由民主党,自由民主党,true,前,無職,45917,false,,false,123
r06-10-27,富山県,1,4,false,落,あさおか弘彦,淺岡弘彦,ひろひこ,61,日本維新の会,日本維新の会,true,新,柔道整復師,12995,true,,true,123
r06-10-27,富山県,1,5,false,落,青山りょうすけ,青山了介,あおやま,49,日本共産党,日本共産党,true,新,政党役員,6903,false,,false,123
r06-10-27,富山県,2,1,false,落,泉野和之,,いずみのかずゆき,67,日本共産党,日本共産党,true,新,政党役員,9197,false,,false,123
r06-10-27,富山県,2,2,false,落,こしかわ康晴,越川康晴,やすはる,60,立憲民主党,立憲民主党,true,新,政党役員,41456,true,56.118,false,123
r06-10-27,富山県,2,3,true,当,上田英俊,,うえだえいしゅん,59,自由民主党,自由民主党,true,前,選挙区支部長,73872,true,100.000,false,124
r06-10-27,富山県,3,1,true,当,たちばな慶一郎,橘慶一郎,けいいちろう,63,自由民主党,自由民主党,true,前,選挙区支部長,131549,true,100.000,false,124
r06-10-27,富山県,3,2,false,落,おおくぼ光太,大久保光太,こうた,46,国民民主党,国民民主党,true,新,政党役員,46676,true,35.481,false,124
r06-10-27,富山県,3,3,false,落,坂本ひろし,山本洋史,さかもと,54,日本共産党,日本共産党,true,新,政党役員,19272,false,,false,124
r06-10-27,石川県,1,1,false,落,おだけかい,小竹凱,,26,国民民主党,国民民主党,true,新,政党役員,24324,true,37.423,false,124
r06-10-27,石川県,1,2,false,落,こばやし誠,小林誠,まこと,47,日本維新の会,日本維新の会,true,新,団体役員,27257,true,41.935,false,124
r06-10-27,石川県,1,3,false,落,ふじはら徳英,藤原徳英,とくえい,71,（無所属）,無所属,false,新,無職,2210,false,,false,124
r06-10-27,石川県,1,4,true,当,小森たくお,小森卓郎,こもり,54,自由民主党,自由民主党,true,前,政党役員,64997,false,,false,124
r06-10-27,石川県,1,5,false,落,村田しげる,村田茂,むらた,61,日本共産党,日本共産党,true,新,政党役員,8913,false,,false,124
r06-10-27,石川県,1,6,false,落,あらい淳志,荒井淳志,あつし,30,立憲民主党,立憲民主党,true,新,政党役員,51506,true,79.243,false,124
r06-10-27,石川県,2,1,false,落,おやまだ経子,小山田経子,つねこ,46,立憲民主党,立憲民主党,true,新,立憲民主党石川県総支部連合会副代表,62588,true,62.204,false,124
r06-10-27,石川県,2,2,false,落,坂本ひろし,坂本浩,さかもと,60,日本共産党,日本共産党,true,新,政党役員,10873,false,,false,124
r06-10-27,石川県,2,3,true,当,佐々木はじめ,佐々木紀,ささき,50,自由民主党,自由民主党,true,前,会社役員,100617,false,,false,124
r06-10-27,石川県,3,1,false,落,にしだ昭二,西田昭二,しょうじ,55,自由民主党,自由民主党,true,前,自由民主党石川県第三選挙区支部長,61308.644,true,79.367,false,124
r06-10-27,石川県,3,2,false,落,南しょうじ,南章治,みなみ,69,日本共産党,日本共産党,true,新,政党役員,3438.349,false,,false,124
r06-10-27,石川県,3,3,true,当,こんどう和也,近藤和也,かずや,50,立憲民主党,立憲民主党,true,前,政党役員,77247,true,100.000,false,124
r06-10-27,福井県,1,1,false,落,西山理恵,,にしやまりえ,48,（無所属）,無所属,false,新,ヒーラー,9845,false,,false,124
r06-10-27,福井県,1,2,false,落,かねもと幸枝,金元幸枝,ゆきえ,66,日本共産党,日本共産党,true,新,政党役員,11215,false,,false,124
r06-10-27,福井県,1,3,false,落,はたのつばさ,波多野翼,,39,立憲民主党,立憲民主党,true,新,政党役員,70328,true,80.924,false,124
r06-10-27,福井県,1,4,true,当,稲田ともみ,稲田朋美,いなだ,65,自由民主党,自由民主党,true,前,弁護士,86906,false,,false,124
r06-10-27,福井県,1,5,false,落,田中こはる,,たなか,38,参政党,参政党,true,新,派遣社員,19716,false,,false,124
r06-10-27,福井県,2,1,false,落,おやなぎ茂臣,小柳茂臣,しげおみ,70,日本共産党,日本共産党,true,新,政党役員,3934,false,,false,124
r06-10-27,福井県,2,2,false,落,山本拓,髙市拓,やまもとたく,72,（無所属）,無所属,false,元,政党役員,18656,false,,false,124
r06-10-27,福井県,2,3,false,落,斉木武志,齋木武志,さいきたけし,50,日本維新の会,日本維新の会,true,元,政治団体役員,38749,true,71.624,false,124
r06-10-27,福井県,2,4,true,当,つじ英之,英之,ひでゆき,54,立憲民主党,立憲民主党,true,新,ＮＰＯ法人代表,54100,true,100.000,false,124
r06-10-27,福井県,2,5,false,落,高木つよし,高木毅,たかぎ,68,（無所属）,無所属,false,前,選挙区支部長,33532,false,,false,124
r06-10-27,山梨県,1,1,false,落,そうだ記史,早田記史,のりふみ,41,日本共産党,日本共産党,true,新,旅行代理店経営,12601,false,,false,125
r06-10-27,山梨県,1,2,false,落,高田あきひろ,髙田晃宏,たかだ,50,参政党,参政党,true,新,タカダデンキ代表,14597,false,,false,125
r06-10-27,山梨県,1,3,true,当,中島かつひと,中嶋克仁,なかじま,57,立憲民主党,立憲民主党,true,前,医師,107050,true,100.000,false,125
r06-10-27,山梨県,1,4,false,落,中谷真一,,なかたにしんいち,48,自由民主党,自由民主党,true,前,選挙区支部長,99129,true,92.600,false,125
r06-10-27,山梨県,2,1,true,当,堀内のり子,堀内詔子,ほりうちこ,59,自由民主党,自由民主党,true,前,山梨県第二選挙区支部長,99080,true,100.000,false,125
r06-10-27,山梨県,2,2,false,落,大久保令子,,おおくぼれいこ,74,日本共産党,日本共産党,true,新,政党役員,35569,false,,false,125
r06-10-27,長野県,1,1,false,落,わかさ清史,若狹清史,きよし,44,日本維新の会,日本維新の会,true,新,会社役員,33470,true,31.806,false,125
r06-10-27,長野県,1,2,true,当,しのはら孝,篠原孝,たかし,76,立憲民主党,立憲民主党,true,前,無職,105231,true,100.000,false,125
r06-10-27,長野県,1,3,false,落,若林けんた,若林健太,わかばやし,60,自由民主党,自由民主党,true,前,選挙区支部長,88792,false,,false,125
r06-10-27,長野県,2,1,false,落,むたい俊介,務台俊介,しゅんすけ,68,自由民主党,自由民主党,true,前,選挙区支部長,54265,true,54.999,false,125
r06-10-27,長野県,2,2,true,当,下条みつ,下條光康,しもじょう,68,立憲民主党,立憲民主党,true,前,政党役員,98664,true,100.000,false,125
r06-10-27,長野県,2,3,false,落,手塚大輔,,てづかだいすけ,41,日本維新の会,日本維新の会,true,新,会社役員,50961,true,51.651,false,125
r06-10-27,長野県,3,1,false,落,井出ようせい,井出庸生,いで,46,自由民主党,自由民主党,true,前,選挙区支部長,99431,true,81.772,false,125
r06-10-27,長野県,3,2,true,当,神津たけし,神津健,こうづ,47,立憲民主党,立憲民主党,true,前,立憲民主党長野県第３区総支部長,121594,true,100.000,false,125
r06-10-27,長野県,4,1,true,当,後藤しげゆき,後藤茂之,ごとう,68,自由民主党,自由民主党,true,前,選挙区支部長,75713,true,100.000,false,125
r06-10-27,長野県,4,2,false,落,たけだ良介,武田良介,りょうすけ,45,日本共産党,日本共産党,true,新,党県委員会副委員長,50005,false,,false,125
r06-10-27,長野県,5,1,true,当,宮下一郎,,みやしたいちろう,66,自由民主党,自由民主党,true,前,選挙区支部長,78139,false,,false,125
r06-10-27,長野県,5,2,false,落,福田じゅんた,福田淳太,ふくだ,30,立憲民主党,立憲民主党,true,新,団体役員,68650,true,87.856,false,125
r06-10-27,長野県,5,3,false,落,後藤そういち,後藤莊一,ごとう,71,日本共産党,日本共産党,true,新,党飯田・下伊那地区委員長,14681,false,,false,125
r06-10-27,岐阜県,1,1,false,落,山越とおる,山越徹,やまこし,54,日本共産党,日本共産党,true,新,政党専従,48325,false,,false,125
r06-10-27,岐阜県,1,2,true,当,野田聖子,,のだせいこ,64,自由民主党,自由民主党,true,前,選挙区支部長,100226,true,100.000,false,125
r06-10-27,岐阜県,2,1,true,当,たなはし泰文,棚橋泰文,やすふみ,61,自由民主党,自由民主党,true,前,弁護士,91183,true,100.000,false,125
r06-10-27,岐阜県,2,2,false,落,三尾圭司,,みおけいじ,48,日本共産党,日本共産党,true,新,政党専従,33634,false,,false,125
r06-10-27,岐阜県,2,3,false,落,伊藤あゆみ,中島あゆみ,いとう,53,（無所属）,無所属,false,新,会社員,22456,false,,false,126
r06-10-27,岐阜県,3,1,false,落,さかぐち直人,阪口直人,なおと,61,れいわ新選組,れいわ新選組,true,元,政党職員,48002,true,48.797,false,126
r06-10-27,岐阜県,3,2,false,落,せんだあきひろ,仙田晃宏,,42,国民民主党,国民民主党,true,新,政党役員,64039,true,65.100,false,126
r06-10-27,岐阜県,3,3,true,当,武藤ようじ,武藤容治,むとう,69,自由民主党,自由民主党,true,前,経済産業大臣,98370,true,100.000,false,126
r06-10-27,岐阜県,4,1,true,当,今井まさと,今井雅人,いまい,62,立憲民主党,立憲民主党,true,元,会社役員,114032,true,100.000,false,126
r06-10-27,岐阜県,4,2,false,落,金子しゅんぺい,金子俊平,かねこ,46,自由民主党,自由民主党,true,前,選挙区支部長,85129,true,74.653,false,126
r06-10-27,岐阜県,5,1,false,落,まのさとし,眞野哲,,63,立憲民主党,立憲民主党,true,新,医療福祉会社役員,58973,true,80.040,false,126
r06-10-27,岐阜県,5,2,true,当,古屋圭司,,ふるやけいじ,71,自由民主党,自由民主党,true,前,選挙区支部長,73679,true,100.000,false,126
r06-10-27,岐阜県,5,3,false,落,山田良司,,やまだりょうじ,64,日本維新の会,日本維新の会,true,元,学習塾経営,19973,true,27.108,false,126
r06-10-27,静岡県,1,1,false,落,高橋みほ,髙橋美穂,たかはし,59,立憲民主党,立憲民主党,true,元,行政書士,47375,true,41.455,false,126
r06-10-27,静岡県,1,2,false,落,山下こうき,山下洸棋,やました,33,日本維新の会,日本維新の会,true,新,会社役員,22239,true,19.460,false,126
r06-10-27,静岡県,1,3,false,落,鈴木せつ子,鈴木節子,すずきこ,69,日本共産党,日本共産党,true,新,１区くらし福祉対策委員長,13593.926,false,,false,126
r06-10-27,静岡県,1,4,true,当,かみかわ陽子,上川陽子,ようこ,71,自由民主党,自由民主党,true,前,選挙区支部長,114278,true,100.000,false,126
r06-10-27,静岡県,1,5,false,落,鈴木よしひろ,鈴木惇弘,すずき,82,（無所属）,無所属,false,新,無職,3675.072,false,,false,126
r06-10-27,静岡県,2,1,true,当,井林たつのり,井林辰憲,いばやし,48,自由民主党,自由民主党,true,前,選挙区支部長,113419,true,100.000,false,126
r06-10-27,静岡県,2,2,false,落,さげさか大介,提坂大介,だいすけ,48,参政党,参政党,true,新,会社経営,22486,false,,false,126
r06-10-27,静岡県,2,3,false,落,鈴木たけゆき,鈴木岳幸,すずき,51,立憲民主党,立憲民主党,true,新,政党役員,70131,true,61.833,false,126
r06-10-27,静岡県,3,1,false,落,山本ゆうぞう,山本裕三,やまもと,41,自由民主党,自由民主党,true,新,自由民主党静岡県第三選挙区支部支部長,61599,true,66.903,false,126
r06-10-27,静岡県,3,2,false,落,杉村よしお,杉村義夫,すぎむら,65,（無所属）,無所属,false,新,自営業,3996,false,,false,126
r06-10-27,静岡県,3,3,false,落,かました由佳子,釜下由佳子,ゆかこ,43,日本維新の会,日本維新の会,true,新,政治団体役員,17573,true,,true,126
r06-10-27,静岡県,3,4,false,落,宮沢ひろゆき,宮澤博行,みやざわ,49,（無所属）,無所属,false,元,政治評論家,37975,false,,false,126
r06-10-27,静岡県,3,5,true,当,小山のぶひろ,小山展弘,こやま,48,立憲民主党,立憲民主党,true,前,政党役員,92072,true,100.000,false,126
r06-10-27,静岡県,4,1,false,落,ふかざわ陽一,深澤陽一,よういち,48,自由民主党,自由民主党,true,前,選挙区支部長,79801,true,96.789,false,126
r06-10-27,静岡県,4,2,true,当,田中けん,田中健,たなか,47,国民民主党,国民民主党,true,前,政党役員,82448,true,100.000,false,126
r06-10-27,静岡県,5,1,false,落,下山かずみ,下山一美,しもやま,71,日本共産党,日本共産党,true,新,５区国政対策責任者,15605,false,,false,127
r06-10-27,静岡県,5,2,false,落,とやまかずゆき,外山和之,,61,立憲民主党,立憲民主党,true,新,政党役員,66612,true,47.235,false,127
r06-10-27,静岡県,5,3,true,当,細野豪志,,ほそのごうし,53,自由民主党,自由民主党,true,前,自由民主党静岡県第五区選挙区支部長,141021,true,100.000,false,127
r06-10-27,静岡県,6,1,false,落,冨谷こうすけ,冨田光規,とみたに,55,れいわ新選組,れいわ新選組,true,新,一般社団法人ReBORNs代表理事,21003,true,,true,127
r06-10-27,静岡県,6,2,false,落,かつまた孝明,勝俣孝明,たかあき,48,自由民主党,自由民主党,true,前,選挙区支部長,100088,true,96.033,false,127
r06-10-27,静岡県,6,3,true,当,わたなべ周,渡辺周,しゅう,62,立憲民主党,立憲民主党,true,前,政党役員,104222,true,100.000,false,127
r06-10-27,静岡県,7,1,false,落,日吉雄太,,ひよしゆうた,56,立憲民主党,立憲民主党,true,元,公認会計士,54789,true,47.570,false,127
r06-10-27,静岡県,7,2,true,当,城内みのる,城内実,きうち,59,自由民主党,自由民主党,true,前,選挙区支部長,115175,true,100.000,false,127
r06-10-27,静岡県,7,3,false,落,吉川なおこ,吉川奈緒子,よしかわ,64,日本共産党,日本共産党,true,新,７区ジェンダー平等対策責任者,12032,false,,false,127
r06-10-27,静岡県,8,1,true,当,げんまけんたろう,源馬謙太郎,,51,立憲民主党,立憲民主党,true,前,政党役員,108212,true,100.000,false,127
r06-10-27,静岡県,8,2,false,落,寺島みずひと,寺嶋瑞仁,てらしま,31,日本維新の会,日本維新の会,true,新,個人事業主,16251,true,,true,127
r06-10-27,静岡県,8,3,false,落,いなばだいすけ,稲葉大輔,,50,自由民主党,自由民主党,true,新,選挙区支部長,62333,true,57.602,false,127
r06-10-27,静岡県,8,4,false,落,ひらが高成,平賀高成,たかしげ,70,日本共産党,日本共産党,true,元,８区政策責任者,11059,false,,false,127
r06-10-27,静岡県,8,5,false,落,加藤よしひさ,加藤順久,かとう,78,（無所属）,無所属,false,新,進学塾舎加藤塾塾長,8808,false,,false,127
r06-10-27,愛知県,1,1,false,落,山本こういち,山本耕一,やまもと,47,日本維新の会,日本維新の会,true,新,無職,17810,true,,true,127
r06-10-27,愛知県,1,2,true,当,河村たかし,,かわむら,75,（日本保守党）,日本保守党,false,元,無職,95613,false,,false,127
r06-10-27,愛知県,1,3,false,落,くまだ裕通,熊田裕通,ひろみち,60,自由民主党,自由民主党,true,前,選挙区支部長,43381,true,45.371,false,127
r06-10-27,愛知県,1,4,false,落,吉田つねひこ,吉田統彦,よしだ,49,立憲民主党,立憲民主党,true,前,医師,48304,true,50.520,false,127
r06-10-27,愛知県,2,1,false,落,酒井ケンタロー,酒井健太朗,さかい,38,日本共産党,日本共産党,true,新,政党役員,17422,false,,false,127
r06-10-27,愛知県,2,2,false,落,むろぞの幸志,室園幸志,こうじ,49,日本維新の会,日本維新の会,true,新,選挙区支部長,18864,true,,true,127
r06-10-27,愛知県,2,3,true,当,古川元久,,ふるかわもとひさ,58,国民民主党,国民民主党,true,前,政党役員,121739,true,100.000,false,127
r06-10-27,愛知県,2,4,false,落,中川たかもと,中川貴元,なかがわ,57,自由民主党,自由民主党,true,前,選挙区支部長,50195,true,41.231,false,127
r06-10-27,愛知県,3,1,false,落,水野よしひこ,水野良彦,みずの,50,自由民主党,自由民主党,true,新,選挙区支部長,54199,true,52.303,false,127
r06-10-27,愛知県,3,2,false,落,皆川まさかず,皆川雅一,みながわ,43,日本維新の会,日本維新の会,true,新,会社員,27187,true,26.236,false,127
r06-10-27,愛知県,3,3,false,落,杉本じゅんこ,杉本純子,すぎもと,47,参政党,参政党,true,新,建築業,17234,false,,false,127
r06-10-27,愛知県,3,4,false,落,大橋とおる,大橋亨,おおはし,59,（日本保守党）,日本保守党,false,新,学習塾経営,18412,false,,false,127
r06-10-27,愛知県,3,5,true,当,近藤昭一,,こんどうしょういち,66,立憲民主党,立憲民主党,true,前,政党役員,103624,true,100.000,false,128
r06-10-27,愛知県,4,1,false,落,麻生ちさ,麻生知沙,あそう,47,（日本保守党）,日本保守党,false,新,フリーアナウンサー,19805,false,,false,128
r06-10-27,愛知県,4,2,true,当,牧義夫,,まきよしお,66,立憲民主党,立憲民主党,true,前,政党役員,63668,true,100.000,false,128
r06-10-27,愛知県,4,3,false,落,工藤彰三,,くどうしょうぞう,59,自由民主党,自由民主党,true,前,選挙区支部長,54385,true,85.419,false,128
r06-10-27,愛知県,4,4,false,落,中田ちよ,中田千代,なかた,57,日本維新の会,日本維新の会,true,新,株式会社カオスシスコム代表取締役社長,22661,true,35.592,false,128
r06-10-27,愛知県,4,5,false,落,高橋ゆうすけ,高橋祐介,たかはし,46,日本共産党,日本共産党,true,新,政党役員,14453,false,,false,128
r06-10-27,愛知県,5,1,false,落,岬まき,小出麻紀,みさき,55,日本維新の会,日本維新の会,true,前,政治団体役員,33568,true,61.235,false,128
r06-10-27,愛知県,5,2,false,落,えがみ博之,江上博之,ひろゆき,69,日本共産党,日本共産党,true,新,政党役員,11601,false,,false,128
r06-10-27,愛知県,5,3,true,当,西川あつし,西川厚志,にしかわ,55,立憲民主党,立憲民主党,true,新,政党役員,54818,true,100.000,false,128
r06-10-27,愛知県,5,4,false,落,神田けんじ,神田憲次,かんだ,61,自由民主党,自由民主党,true,前,選挙区支部長,36662,false,,false,128
r06-10-27,愛知県,5,5,false,落,田中かつよし,田中克和,たなか,40,（日本保守党）,日本保守党,false,新,無職,22007,false,,false,128
r06-10-27,愛知県,6,1,false,落,大西雅人,,おおにしまさと,29,社会民主党,社会民主党,true,新,アルバイト,26854,true,29.162,false,128
r06-10-27,愛知県,6,2,false,落,原田学,,はらだまなぶ,74,日本共産党,日本共産党,true,新,政党役員,26425,false,,false,128
r06-10-27,愛知県,6,3,true,当,丹羽ひでき,丹羽秀樹,にわ,51,自由民主党,自由民主党,true,前,選挙区支部長,92083,true,100.000,false,128
r06-10-27,愛知県,6,4,false,落,前田ゆうきち,西村雄吉,まえだ,64,（無所属）,無所属,false,元,会社経営,32608,false,,false,128
r06-10-27,愛知県,7,1,true,当,日野さりあ,日野紗里亜,ひの,36,国民民主党,国民民主党,true,新,会社代表,111406,true,100.000,false,128
r06-10-27,愛知県,7,2,false,落,鈴木じゅんじ,鈴木淳司,すずき,66,自由民主党,自由民主党,true,前,選挙区支部長,71176.695,false,,false,128
r06-10-27,愛知県,7,3,false,落,鈴木こういち,鈴木弘一,すずき,49,日本共産党,日本共産党,true,新,政党役員,16780.299,false,,false,128
r06-10-27,愛知県,8,1,true,当,ばんの豊,伴野豊,ゆたか,63,立憲民主党,立憲民主党,true,前,政党役員,115282,true,100.000,false,128
r06-10-27,愛知県,8,2,false,落,古川ひろあき,古川大暁,ふるかわ,35,日本共産党,日本共産党,true,新,政党役員,20799,false,,false,128
r06-10-27,愛知県,8,3,false,落,いとう忠彦,伊藤忠彦,ただひこ,60,自由民主党,自由民主党,true,前,選挙区支部長,95844,true,83.138,false,128
r06-10-27,愛知県,9,1,false,落,伊藤恵子,,いとうけいこ,71,日本共産党,日本共産党,true,新,政党役員,19899,false,,false,128
r06-10-27,愛知県,9,2,false,落,長坂やすまさ,長坂康正,ながさか,67,自由民主党,自由民主党,true,前,選挙区支部長,78726,true,86.367,false,128
r06-10-27,愛知県,9,3,true,当,岡本みつのり,岡本充功,おかもと,53,立憲民主党,立憲民主党,true,元,医師,91152,true,100.000,false,128
r06-10-27,愛知県,10,1,false,落,杉本和巳,,すぎもとかずみ,64,日本維新の会,日本維新の会,true,前,政治団体役員,52957,true,88.718,false,128
r06-10-27,愛知県,10,2,false,落,若山しんじ,若山慎司,わかやま,51,自由民主党,自由民主党,true,新,無職,59529,true,99.728,false,129
r06-10-27,愛知県,10,3,true,当,藤原のりまさ,藤原規眞,ふじわら,46,立憲民主党,立憲民主党,true,新,弁護士,59691,true,100.000,false,129
r06-10-27,愛知県,11,1,false,落,八木てつや,八木哲也,やぎ,77,自由民主党,自由民主党,true,前,選挙区支部長,90844,false,,false,129
r06-10-27,愛知県,11,2,true,当,丹野みどり,,たんの,51,国民民主党,国民民主党,true,新,政党役員,134528,true,100.000,false,129
r06-10-27,愛知県,11,3,false,落,植田和男,,うえだかずお,75,日本共産党,日本共産党,true,新,政党役員,11105,false,,false,129
r06-10-27,愛知県,12,1,false,落,関ひさかず,関久一,せき,73,日本共産党,日本共産党,true,新,無職,10118,false,,false,129
r06-10-27,愛知県,12,2,true,当,しげとく和彦,重德和彦,かずひこ,53,立憲民主党,立憲民主党,true,前,政党役員,126940,true,100.000,false,129
r06-10-27,愛知県,12,3,false,落,中川ひろと,中川博登,なかがわ,46,日本維新の会,日本維新の会,true,新,党選挙区支部長,28489,true,22.442,false,129
r06-10-27,愛知県,12,4,false,落,あおやま周平,青山周平,しゅうへい,47,自由民主党,自由民主党,true,前,選挙区支部長,86025,false,,false,129
r06-10-27,愛知県,13,1,true,当,おおにし健介,大西健介,けんすけ,53,立憲民主党,立憲民主党,true,前,政党役員,137944,true,100.000,false,129
r06-10-27,愛知県,13,2,false,落,牛田清博,,うしたきよひろ,66,日本共産党,日本共産党,true,新,政党職員,16818,false,,false,129
r06-10-27,愛知県,13,3,false,落,石井たく,石井拓,いしい,59,自由民主党,自由民主党,true,前,選挙区支部長,90214,true,65.399,false,129
r06-10-27,愛知県,14,1,false,落,あさお大輔,浅尾大輔,だいすけ,54,日本共産党,日本共産党,true,新,小説家,9970,false,,false,129
r06-10-27,愛知県,14,2,true,当,今枝宗一郎,,いまえだそういちろう,40,自由民主党,自由民主党,true,前,選挙区支部長,90334,true,100.000,false,129
r06-10-27,愛知県,14,3,false,落,おおたけりえ,大嶽理恵,,47,立憲民主党,立憲民主党,true,新,政党役員,64763,true,71.692,false,129
r06-10-27,愛知県,15,1,false,落,せき健一郎,関健一郎,けんいちろう,46,日本維新の会,日本維新の会,true,元,会社役員,44945,true,63.292,false,129
r06-10-27,愛知県,15,2,true,当,根本幸典,,ねもとゆきのり,59,自由民主党,自由民主党,true,前,選挙区支部長,71012,false,,false,129
r06-10-27,愛知県,15,3,false,落,小山ちほ,小山千帆,こやま,49,立憲民主党,立憲民主党,true,新,政党役員,42837,true,60.323,false,129
r06-10-27,愛知県,15,4,false,落,つじ恵,惠,めぐむ,76,れいわ新選組,れいわ新選組,true,元,弁護士,17529,true,,true,129
r06-10-27,愛知県,15,5,false,落,髙木しげる,髙木繁,たかぎ,74,日本共産党,日本共産党,true,新,政党役員,7220,false,,false,129
r06-10-27,愛知県,16,1,true,当,福田とおる,福田徹,ふくた,42,国民民主党,国民民主党,true,新,医師（救急科専門医）,65923,true,100.000,false,129
r06-10-27,愛知県,16,2,false,落,松崎省三,松﨑省三,まつざきしょうぞう,78,日本共産党,日本共産党,true,新,政党役員,10634,false,,false,129
r06-10-27,愛知県,16,3,false,落,松田イサオ,松田功,まつだ,56,立憲民主党,立憲民主党,true,元,政党役員,61792,true,93.733,false,129
r06-10-27,愛知県,16,4,false,落,犬かい明佳,犬飼明佳,いぬあきよし,52,公明党,公明党,true,新,団体役員,63095,false,,false,129
r06-10-27,三重県,1,1,false,落,出口洋介,,でぐちようすけ,35,日本共産党,日本共産党,true,新,三重県委員会書記長,15776,false,,false,129
r06-10-27,三重県,1,2,true,当,田村のりひさ,田村憲久,たむら,59,自由民主党,自由民主党,true,前,選挙区支部長,107926,true,100.000,false,130
r06-10-27,三重県,1,3,false,落,ふくもり和歌子,髙野和歌子,わかこ,54,立憲民主党,立憲民主党,true,新,個人事業主（マーケティング・コンサルタント）,63770,true,59.086,false,130
r06-10-27,三重県,2,1,false,落,山本りか,山本里香,やまもと,66,日本共産党,日本共産党,true,新,日本共産党三重県委員会副委員長,15753,false,,false,130
r06-10-27,三重県,2,2,true,当,しもの幸助,下野幸助,こうすけ,47,立憲民主党,立憲民主党,true,新,政党役員,90930,true,100.000,false,130
r06-10-27,三重県,2,3,false,落,川崎ひでと,川崎秀人,かわさき,42,自由民主党,自由民主党,true,前,無職,85863,true,94.427,false,130
r06-10-27,三重県,2,4,false,落,森口あゆみ,,もりぐち,59,日本維新の会,日本維新の会,true,新,一般社団法人忍者文化協会代表理事,23904,true,26.288,false,130
r06-10-27,三重県,3,1,false,落,石原まさたか,石原正敬,いしはら,52,自由民主党,自由民主党,true,前,自由民主党三重県第三選挙区支部長,56630,true,41.050,false,130
r06-10-27,三重県,3,2,false,落,伊藤まさし,伊藤昌志,いとう,54,日本維新の会,日本維新の会,true,新,自営業,31998,true,23.194,false,130
r06-10-27,三重県,3,3,true,当,岡田かつや,岡田克也,おかだ,71,立憲民主党,立憲民主党,true,前,政党役員,137953,false,,false,130
r06-10-27,三重県,4,1,false,落,中川たみひで,中川民英,なかがわ,57,日本共産党,日本共産党,true,新,政党役員,10548,false,,false,130
r06-10-27,三重県,4,2,false,落,青沼陽一郎,,あおぬまよういちろう,56,立憲民主党,立憲民主党,true,新,政党役員,53360,true,55.227,false,130
r06-10-27,三重県,4,3,true,当,すずき英敬,鈴木英敬,えいけい,50,自由民主党,自由民主党,true,前,選挙区支部長,96619,false,,false,130
r06-10-27,滋賀県,1,1,false,落,きのせ明子,黄野瀬明子,あきこ,41,日本共産党,日本共産党,true,新,政党役員,28359,false,,false,130
r06-10-27,滋賀県,1,2,true,当,斎藤アレックス,斎藤勇士アレックス,さいとう,39,日本維新の会,日本維新の会,true,前,無職,74126,true,100.000,false,130
r06-10-27,滋賀県,1,3,false,落,大岡としたか,大岡敏孝,おおおか,52,自由民主党,自由民主党,true,前,選挙区支部長,70033,true,94.478,false,130
r06-10-27,滋賀県,2,1,true,当,うえの賢一郎,上野賢一郎,けんいちろう,59,自由民主党,自由民主党,true,前,選挙区支部長,99347,true,100.000,false,130
r06-10-27,滋賀県,2,2,false,落,とくなが久志,徳永久志,ひさし,61,日本維新の会,日本維新の会,true,前,政治団体役員,62646,true,63.057,false,130
r06-10-27,滋賀県,2,3,false,落,平尾みちお,平尾道雄,ひらお,73,立憲民主党,立憲民主党,true,新,無職,65324,true,65.753,false,130
r06-10-27,滋賀県,3,1,true,当,武村のぶひで,武村展英,たけむら,52,自由民主党,自由民主党,true,前,選挙区支部長,95874,true,100.000,false,130
r06-10-27,滋賀県,3,2,false,落,でじしんご,出路真吾,,41,日本維新の会,日本維新の会,true,新,政党役員,64628,true,67.409,false,130
r06-10-27,滋賀県,3,3,false,落,佐藤こうへい,佐藤耕平,さとう,42,日本共産党,日本共産党,true,新,政党役員,25446,false,,false,130
r06-10-27,滋賀県,3,4,false,落,北野ゆうこ,北野裕子,きたの,39,参政党,参政党,true,新,パート,26862,true,28.018,false,130
r06-10-27,京都府,1,1,true,当,勝目やすし,勝目康,かつめ,50,自由民主党,自由民主党,true,前,政党役員,63057,true,100.000,false,130
r06-10-27,京都府,1,2,false,落,ひらたけ耕三,平竹耕三,こうぞう,65,立憲民主党,立憲民主党,true,新,京都産業大学文化学部京都文化学科教授（客員）,36232,true,57.459,false,130
r06-10-27,京都府,1,3,false,落,安持なるみ,安持成美,やすもち,36,れいわ新選組,れいわ新選組,true,新,自営業,14531,true,,true,130
r06-10-27,京都府,1,4,false,落,堀場さち子,堀場幸子,ほりばこ,45,日本維新の会,日本維新の会,true,前,自営業,37876,true,60.066,false,131
r06-10-27,京都府,1,5,false,落,あだちゆうじ,安達悠司,,42,参政党,参政党,true,新,弁護士,13825,true,,true,131
r06-10-27,京都府,1,6,false,落,井坂博文,,いさかひろふみ,68,日本共産党,日本共産党,true,新,党京都府委員,29988,false,,false,131
r06-10-27,京都府,1,7,false,落,山下ひろ子,山下博子,やましたこ,77,（無所属）,無所属,false,新,主婦,2385,false,,false,131
r06-10-27,京都府,2,1,true,当,まえはら誠司,前原誠司,せいじ,62,日本維新の会,日本維新の会,true,前,政党役員,60922,true,100.000,false,131
r06-10-27,京都府,2,2,false,落,堀川あきこ,堀川朗子,ほりかわ,38,日本共産党,日本共産党,true,新,党京都府副委員長,30697,true,50.387,false,131
r06-10-27,京都府,2,3,false,落,さの英志,佐野英志,えいじ,37,自由民主党,自由民主党,true,新,選挙区支部長,29638,true,48.649,false,131
r06-10-27,京都府,2,4,false,落,こまつ広明,小松広明,ひろあき,41,参政党,参政党,true,新,治療院経営,8270,false,,false,131
r06-10-27,京都府,2,5,false,落,本田ゆうすけ,本田裕典,ほんだ,32,（無所属）,無所属,false,新,個人事業主,2450,false,,false,131
r06-10-27,京都府,2,6,false,落,弘田哲雄,,ひろたてつお,75,（無所属）,無所属,false,新,無職,851,false,,false,131
r06-10-27,京都府,3,1,false,落,西山のぶひで,西山頌秀,にしやま,38,日本共産党,日本共産党,true,新,党伏見地区副委員長,19002,false,,false,131
r06-10-27,京都府,3,2,false,落,よしだ真由美,森田真由美,まゆみ,44,参政党,参政党,true,新,リラクゼーションサロン経営,9916,false,,false,131
r06-10-27,京都府,3,3,false,落,木村元紀,,きむらもとき,46,日本維新の会,日本維新の会,true,新,公認会計士,24948,true,30.122,false,131
r06-10-27,京都府,3,4,false,落,森カンセイ,森干晟,もりかんせい,28,自由民主党,自由民主党,true,新,選挙区支部長,38632,true,46.644,false,131
r06-10-27,京都府,3,5,true,当,泉ケンタ,泉健太,いずみけんた,50,立憲民主党,立憲民主党,true,前,政党役員,82823,true,100.000,false,131
r06-10-27,京都府,4,1,false,落,田中ひでゆき,田中英之,たなか,54,自由民主党,自由民主党,true,前,政党役員,59897,true,58.686,false,131
r06-10-27,京都府,4,2,false,落,吉田幸一,,よしだこういち,50,日本共産党,日本共産党,true,新,日本共産党役員,37174,false,,false,131
r06-10-27,京都府,4,3,true,当,北神けいろう,北神圭朗,きたがみ,57,（無所属）,無所属,false,前,大学特別招聘客員教授,102063,false,,false,131
r06-10-27,京都府,5,1,false,落,道本たかや,道本隆也,みちもと,49,日本維新の会,日本維新の会,true,新,公認会計士,20387,true,35.483,false,131
r06-10-27,京都府,5,2,true,当,本田太郎,,ほんだたろう,50,自由民主党,自由民主党,true,前,弁護士,57455,true,100.000,false,131
r06-10-27,京都府,5,3,false,落,山内健,,やまうちけん,56,日本共産党,日本共産党,true,新,党中丹地区委員長,13831,false,,false,131
r06-10-27,京都府,5,4,false,落,山本わかこ,山本和嘉子,やまもと,56,立憲民主党,立憲民主党,true,元,政党役員,32355,true,56.313,false,131
r06-10-27,京都府,6,1,false,落,なかじま秀樹,中嶋秀樹,ひでき,53,日本維新の会,日本維新の会,true,前,燃料会社役員,38590,true,39.562,false,131
r06-10-27,京都府,6,2,false,落,あんどう裕,安藤裕,ひろし,59,参政党,参政党,true,元,税理士,20480,true,,true,131
r06-10-27,京都府,6,3,true,当,やまのい和則,山井和則,かずのり,62,立憲民主党,立憲民主党,true,前,政党役員,97542,true,100.000,false,131
r06-10-27,京都府,6,4,false,落,かみじょう亮一,上條亮一,りょういち,38,日本共産党,日本共産党,true,新,党洛南地区副委員長,21405,false,,false,131
r06-10-27,京都府,6,5,false,落,そのさき弘道,園﨑弘道,ひろみち,44,自由民主党,自由民主党,true,新,政党役員,65152,true,66.793,false,131
r06-10-27,大阪府,1,1,false,落,大西ひろゆき,大宏幸,おおにし,57,自由民主党,自由民主党,true,元,選挙区支部長,56347,true,55.181,false,132
r06-10-27,大阪府,1,2,true,当,井上英孝,,いのうえひでたか,53,日本維新の会,日本維新の会,true,前,政党役員,102113,false,,false,132
r06-10-27,大阪府,1,3,false,落,竹内よしのり,竹内祥倫,たけうち,42,日本共産党,日本共産党,true,新,党衆議院大阪１区国政対策委員長,27312,false,,false,132
r06-10-27,大阪府,1,4,false,落,宮出ちさと,宮出千慧,みやで,39,参政党,参政党,true,新,会社員,25908,false,,false,132
r06-10-27,大阪府,2,1,false,落,小川陽太,,おがわようた,47,日本共産党,日本共産党,true,新,党大阪２区国政対策委員長,27853,false,,false,132
r06-10-27,大阪府,2,2,true,当,守島正,,もりしまただし,43,日本維新の会,日本維新の会,true,前,会社役員,99277,false,,false,132
r06-10-27,大阪府,2,3,false,落,藤田みき,田美季,ふじた,58,参政党,参政党,true,新,そろばん塾講師,19893,false,,false,132
r06-10-27,大阪府,2,4,false,落,堀内たかお,堀内孝雄,ほりうち,72,（無所属）,無所属,false,新,無職,9796,false,,false,132
r06-10-27,大阪府,2,5,false,落,左藤章,,さとうあきら,73,自由民主党,自由民主党,true,元,学校法人大谷学園理事長,67833,false,,false,132
r06-10-27,大阪府,3,1,false,落,佐藤しげき,佐藤茂樹,さとう,65,公明党,公明党,true,前,無職,52107,false,,false,132
r06-10-27,大阪府,3,2,false,落,わたなべ結,渡部結,ゆい,43,日本共産党,日本共産党,true,新,党准中央委員・党大阪府副委員長,22218,false,,false,132
r06-10-27,大阪府,3,3,false,落,ちゅうじょう栄太郎,中条栄太郎,えいたろう,55,（無所属）,無所属,false,新,不動産会社社長,8726,false,,false,132
r06-10-27,大阪府,3,4,true,当,東とおる,東徹,あずま,58,日本維新の会,日本維新の会,true,新,社会福祉士・参議員議員,74546,false,,false,132
r06-10-27,大阪府,3,5,false,落,はぎはら仁,萩原仁,ひとし,57,立憲民主党,立憲民主党,true,元,会社役員,22878,true,30.689,false,132
r06-10-27,大阪府,4,1,false,落,黒川ようじ,黒川洋司,くろかわ,52,参政党,参政党,true,新,美容院経営・自立支援施設代表,20038,false,,false,132
r06-10-27,大阪府,4,2,false,落,中山泰秀,,なかやまやすひで,54,自由民主党,自由民主党,true,元,選挙区支部長,64424,false,,false,132
r06-10-27,大阪府,4,3,true,当,ミノベテルオ,美延映夫,,63,日本維新の会,日本維新の会,true,前,自営業,94129,false,,false,132
r06-10-27,大阪府,4,4,false,落,清水ただし,清水忠史,しみず,56,日本共産党,日本共産党,true,元,党中央委員,33585,true,35.679,false,132
r06-10-27,大阪府,4,5,false,落,寺川幸生栄,,てらかわさなえ,62,（無所属）,無所属,false,新,介護職員,6008,false,,false,132
r06-10-27,大阪府,5,1,false,落,宮本たけし,宮本岳志,みやもと,64,日本共産党,日本共産党,true,前,党中央委員,24480,false,,false,132
r06-10-27,大阪府,5,2,false,落,大石あきこ,大石晃子,おおいし,47,れいわ新選組,れいわ新選組,true,前,団体職員,26789,true,30.756,false,132
r06-10-27,大阪府,5,3,true,当,梅村さとし,梅村聡,うめむら,49,日本維新の会,日本維新の会,true,新,参議院議員・医師,87100,false,,false,132
r06-10-27,大阪府,5,4,false,落,石橋あつし,石橋篤史,いしばし,45,参政党,参政党,true,新,木材リサイクル業会社員,14054,false,,false,132
r06-10-27,大阪府,5,5,false,落,国重とおる,国重徹,くにしげ,49,公明党,公明党,true,前,弁護士,65872,false,,false,132
r06-10-27,大阪府,6,1,false,落,月足まいこ,月足舞子,つきあし,33,参政党,参政党,true,新,派遣社員,15016,false,,false,132
r06-10-27,大阪府,6,2,true,当,西田薫,,にしだかおる,57,日本維新の会,日本維新の会,true,新,会社役員,77905,false,,false,132
r06-10-27,大阪府,6,3,false,落,わたし考一,渡司考一,こういち,72,日本共産党,日本共産党,true,新,無職,16205,false,,false,133
r06-10-27,大阪府,6,4,false,落,いさ進一,伊佐進一,しんいち,49,公明党,公明党,true,前,政党役員,69058,false,,false,133
r06-10-27,大阪府,6,5,false,落,福留ヨーコ,福留陽子,ふくとめ,55,立憲民主党,立憲民主党,true,新,コンサルタント,19877,true,25.514,false,133
r06-10-27,大阪府,7,1,false,落,かわそえたつま,川添健真,,42,日本共産党,日本共産党,true,新,党大阪７区国政対策委員長,32368,false,,false,133
r06-10-27,大阪府,7,2,true,当,奥下たけみつ,奥下剛光,おくした,49,日本維新の会,日本維新の会,true,前,一般社団法人理事,95367,false,,false,133
r06-10-27,大阪府,7,3,false,落,池上わかこ,池上和日子,いけがみ,40,参政党,参政党,true,新,無職,19941,false,,false,133
r06-10-27,大阪府,7,4,false,落,とかしきなおみ,渡嘉敷奈緒美,,62,自由民主党,自由民主党,true,元,選挙区支部長,66435,true,69.662,false,133
r06-10-27,大阪府,8,1,false,落,こうらい啓一郎,髙麗啓一郎,けいいちろう,44,自由民主党,自由民主党,true,新,選挙区支部長,66582,true,78.792,false,133
r06-10-27,大阪府,8,2,false,落,平川せつよ,平川節代,ひらかわ,76,日本共産党,日本共産党,true,新,党衆議院大阪８区国政対策委員長,24277,false,,false,133
r06-10-27,大阪府,8,3,true,当,うるま譲司,漆間譲司,じょうじ,50,日本維新の会,日本維新の会,true,前,会社役員,84503,false,,false,133
r06-10-27,大阪府,8,4,false,落,谷浩一郎,,たにこういちろう,43,参政党,参政党,true,新,大学講師,15272,true,,true,133
r06-10-27,大阪府,8,5,false,落,平岩まさき,平岩征樹,ひらいわ,44,国民民主党,国民民主党,true,新,会社役員,40552,true,47.988,false,133
r06-10-27,大阪府,9,1,false,落,ながさき由美子,長崎由美子,ゆみこ,68,社会民主党,社会民主党,true,新,政党役員,27617,true,32.850,false,133
r06-10-27,大阪府,9,2,true,当,はぎ原けい,原佳,はら,47,日本維新の会,日本維新の会,true,新,会計士,84068,true,100.000,false,133
r06-10-27,大阪府,9,3,false,落,片岡真,,かたおかまこと,33,参政党,参政党,true,新,党職員,19690,false,,false,133
r06-10-27,大阪府,9,4,false,落,東田じゅんぺい,東田淳平,ひがしだ,41,自由民主党,自由民主党,true,新,選挙区支部長,62170,true,73.952,false,133
r06-10-27,大阪府,9,5,false,落,磯部和哉,,いそべかずや,52,（無所属）,無所属,false,新,医師,3962,false,,false,133
r06-10-27,大阪府,10,1,true,当,池下卓,,いけしたたく,49,日本維新の会,日本維新の会,true,前,税理士,79621,false,,false,133
r06-10-27,大阪府,10,2,false,落,尾かな子,,おつじこ,49,立憲民主党,立憲民主党,true,元,社会福祉士・介護福祉士,58971,true,74.064,false,133
r06-10-27,大阪府,10,3,false,落,かのう陽之助,加納陽之助,ようのすけ,44,自由民主党,自由民主党,true,新,選挙区支部長,41838,false,,false,133
r06-10-27,大阪府,11,1,true,当,中司宏,,なかつかひろし,68,日本維新の会,日本維新の会,true,前,政治団体役員,115411,false,,false,133
r06-10-27,大阪府,11,2,false,落,大さや,大沙耶,おおつじ,29,自由民主党,自由民主党,true,新,選挙区支部長,59557,true,51.604,false,133
r06-10-27,大阪府,11,3,false,落,北尾まなぶ,北尾学,きたお,54,日本共産党,日本共産党,true,新,党大阪11区国政対策委員長,32733,false,,false,133
r06-10-27,大阪府,12,1,true,当,藤田文武,,ふじたふみたけ,43,日本維新の会,日本維新の会,true,前,会社役員,86380,false,,false,133
r06-10-27,大阪府,12,2,false,落,太田とおる,太田徹,おおた,56,日本共産党,日本共産党,true,新,党大阪12区国政対策委員長,22970,false,,false,133
r06-10-27,大阪府,12,3,false,落,北川晋平,谷岡晋平,きたかわしんぺい,37,自由民主党,自由民主党,true,新,選挙区支部長,55658,true,64.433,false,133
r06-10-27,大阪府,13,1,false,落,たからいてるみ,寳井晃美,,60,日本共産党,日本共産党,true,新,党大阪13区医療福祉政策委員,18657,false,,false,134
r06-10-27,大阪府,13,2,false,落,やはた愛,八幡愛,あい,37,れいわ新選組,れいわ新選組,true,新,タレント,22482,true,28.138,false,134
r06-10-27,大阪府,13,3,false,落,むねきよ皇一,宗清皇一,こういち,54,自由民主党,自由民主党,true,前,選挙区支部長,69600,false,,false,134
r06-10-27,大阪府,13,4,true,当,岩谷良平,,いわたにりょうへい,44,日本維新の会,日本維新の会,true,前,行政書士,79898,false,,false,134
r06-10-27,大阪府,14,1,false,落,内藤こういち,内藤耕一,ないとう,50,日本共産党,日本共産党,true,新,党大阪14区国政対策委員長,26534,false,,false,134
r06-10-27,大阪府,14,2,false,落,塩川憲史,,しおかわのりふみ,35,自由民主党,自由民主党,true,新,選挙区支部長,71539,true,75.018,false,134
r06-10-27,大阪府,14,3,true,当,あおやぎ仁士,青柳仁士,ひとし,45,日本維新の会,日本維新の会,true,前,政党役員,95362,false,,false,134
r06-10-27,大阪府,14,4,false,落,さかいらんな,榮井蘭菜,,30,参政党,参政党,true,新,無職,17708,false,,false,134
r06-10-27,大阪府,15,1,false,落,まつうらたけし,松浦武志,,61,立憲民主党,立憲民主党,true,新,政党役員,28868,true,37.208,false,134
r06-10-27,大阪府,15,2,false,落,島田ともあき,島田智明,しまだ,54,自由民主党,自由民主党,true,新,選挙区支部長,62351,true,80.365,false,134
r06-10-27,大阪府,15,3,false,落,仲川まなぶ,仲川学,なかがわ,48,日本共産党,日本共産党,true,新,党大阪15区国政対策委員長,19133,false,,false,134
r06-10-27,大阪府,15,4,true,当,うらの靖人,浦野靖人,やすと,51,日本維新の会,日本維新の会,true,前,団体役員,77584,false,,false,134
r06-10-27,大阪府,16,1,true,当,黒田まさき,黒田征樹,くろだ,44,日本維新の会,日本維新の会,true,新,政治団体役員,63288,false,,false,134
r06-10-27,大阪府,16,2,false,落,山本かなえ,池田香苗,やまもと,53,公明党,公明党,true,新,政党役員,55474,false,,false,134
r06-10-27,大阪府,16,3,false,落,森山ひろゆき,森山浩行,もりやま,53,立憲民主党,立憲民主党,true,前,政党役員,50943,true,80.493,false,134
r06-10-27,大阪府,17,1,false,落,沢田くみこ,澤田久美子,さわだ,37,日本共産党,日本共産党,true,新,党大阪17区国政対策委員,29130,false,,false,134
r06-10-27,大阪府,17,2,true,当,馬場伸幸,,ばばのぶゆき,59,日本維新の会,日本維新の会,true,前,政党役員,82234,false,,false,134
r06-10-27,大阪府,17,3,false,落,岡下しょうへい,岡下昌平,おかした,49,自由民主党,自由民主党,true,元,選挙区支部長,45904,true,55.821,false,134
r06-10-27,大阪府,18,1,false,落,内田たかつぐ,内田隆嗣,うちだ,45,自由民主党,自由民主党,true,新,選挙区支部長,46366,true,46.378,false,134
r06-10-27,大阪府,18,2,true,当,遠藤たかし,遠藤敬,えんどう,56,日本維新の会,日本維新の会,true,前,政治団体役員,99973,false,,false,134
r06-10-27,大阪府,18,3,false,落,馬場ひでき,馬場英樹,ばば,52,日本共産党,日本共産党,true,新,党大阪18区国政対策委員長,27675,false,,false,134
r06-10-27,大阪府,18,4,false,落,松岡能礼,,まつおかよしのり,30,参政党,参政党,true,新,看護師,21086,false,,false,134
r06-10-27,大阪府,19,1,true,当,いとう信久,伊東信久,のぶひさ,60,日本維新の会,日本維新の会,true,前,医師,65726,false,,false,134
r06-10-27,大阪府,19,2,false,落,北村みき,,きたむら,58,日本共産党,日本共産党,true,新,政党役員,18966,false,,false,134
r06-10-27,大阪府,19,3,false,落,谷川とむ,谷川與秀,たにがわ,48,自由民主党,自由民主党,true,前,選挙区支部長,60879,false,,false,134
r06-10-27,兵庫県,1,1,false,落,木原くにや,木原功仁哉,きはら,40,（無所属）,無所属,false,新,弁護士,9731,false,,false,135
r06-10-27,兵庫県,1,2,false,落,山岡さとみ,山岡智美,やまおか,51,参政党,参政党,true,新,歯科技工士,12011,false,,false,135
r06-10-27,兵庫県,1,3,true,当,いさか信彦,井坂信彦,のぶひこ,50,立憲民主党,立憲民主党,true,前,行政書士,91797,true,100.000,false,135
r06-10-27,兵庫県,1,4,false,落,もりやま正仁,盛山正仁,まさひと,70,自由民主党,自由民主党,true,前,選挙区支部長,45987,true,50.096,false,135
r06-10-27,兵庫県,1,5,false,落,ふじすえひろみ,藤末浩美,,64,日本共産党,日本共産党,true,新,臨床検査技師,14247,false,,false,135
r06-10-27,兵庫県,1,6,false,落,一谷勇一郎,,いちたにゆういちろう,49,日本維新の会,日本維新の会,true,前,株式会社ライフケア代表取締役,33430,true,36.417,false,135
r06-10-27,兵庫県,1,7,false,落,きじまひろつぐ,木島洋嗣,,49,（無所属）,無所属,false,新,株式会社キジマヒロツグオフィス代表取締役社長,1914,false,,false,135
r06-10-27,兵庫県,2,1,false,落,ふなかわ治郎,舩川治郎,じろう,57,立憲民主党,立憲民主党,true,新,株式会社Ｖｓｔ代表取締役,39785,true,56.821,false,135
r06-10-27,兵庫県,2,2,true,当,赤羽かずよし,赤羽一嘉,あかば,66,公明党,公明党,true,前,公明党兵庫県本部代表,70018,false,,false,135
r06-10-27,兵庫県,2,3,false,落,たけうちゆみこ,武内由美子,,64,日本共産党,日本共産党,true,新,無職,16333,false,,false,135
r06-10-27,兵庫県,2,4,false,落,阿部けいし,阿部圭史,あべ,38,日本維新の会,日本維新の会,true,新,医師,48289,true,68.966,false,135
r06-10-27,兵庫県,2,5,false,落,せおえいじ,瀬尾英志,,39,参政党,参政党,true,新,特定非営利活動法人あいサポート介護職員,13954,false,,false,135
r06-10-27,兵庫県,3,1,true,当,せきよしひろ,関芳弘,,59,自由民主党,自由民主党,true,前,選挙区支部長,58876,false,,false,135
r06-10-27,兵庫県,3,2,false,落,向山好一,,むこやまこういち,67,国民民主党,国民民主党,true,元,国民民主党兵庫県総支部連合会幹事長,43802,true,74.397,false,135
r06-10-27,兵庫県,3,3,false,落,和田有一朗,,わだゆういちろう,60,日本維新の会,日本維新の会,true,前,社会福祉法人よつば福祉会理事,41050,true,69.722,false,135
r06-10-27,兵庫県,3,4,false,落,かとうけんじ,加藤健二,,64,日本共産党,日本共産党,true,新,日本共産党神戸西地区委員会職員,16133,false,,false,135
r06-10-27,兵庫県,4,1,false,落,今泉まお,飯田真緒,いまいずみ,45,立憲民主党,立憲民主党,true,新,キュレーター,61722,true,64.539,false,135
r06-10-27,兵庫県,4,2,false,落,赤木正幸,,あかぎまさゆき,49,日本維新の会,日本維新の会,true,前,リマールエステート株式会社代表取締役社長,40313,true,42.152,false,135
r06-10-27,兵庫県,4,3,true,当,ふじいひさゆき,藤井比早之,,53,自由民主党,自由民主党,true,前,選挙区支部長,95635,true,100.000,false,135
r06-10-27,兵庫県,4,4,false,落,ひびゆうこ,日比優子,,64,日本共産党,日本共産党,true,新,無職,14098,false,,false,135
r06-10-27,兵庫県,5,1,true,当,谷公一,,たにこういち,72,自由民主党,自由民主党,true,前,選挙区支部長,96659,true,100.000,false,135
r06-10-27,兵庫県,5,2,false,落,遠藤良太,,えんどうりょうた,39,日本維新の会,日本維新の会,true,前,日本維新の会衆議院兵庫県第５選挙区支部長,53793,true,55.652,false,135
r06-10-27,兵庫県,5,3,false,落,たむらなおや,田村直也,,45,立憲民主党,立憲民主党,true,新,きみと甲子園こそだて診療所職員,59670,true,61.732,false,135
r06-10-27,兵庫県,6,1,false,落,いちむら浩一郎,市村浩一郎,こういちろう,60,日本維新の会,日本維新の会,true,前,公益財団法人東京コミュニティ財団理事,59666,true,75.468,false,135
r06-10-27,兵庫県,6,2,true,当,桜井シュウ,櫻井周,さくらい,54,立憲民主党,立憲民主党,true,前,弁理士,79061,true,100.000,false,135
r06-10-27,兵庫県,6,3,false,落,大串まさき,大串正樹,おおぐし,58,自由民主党,自由民主党,true,前,選挙区支部長,69721,true,88.186,false,135
r06-10-27,兵庫県,6,4,false,落,いとうまさや,伊藤正哉,,36,参政党,参政党,true,新,合同会社淡路観光代表社員,16702,false,,false,136
r06-10-27,兵庫県,6,5,false,落,吉見秋彦,,よしみあきひこ,50,日本共産党,日本共産党,true,新,日本共産党阪神北地区委員会委員長,12957,false,,false,136
r06-10-27,兵庫県,7,1,false,落,三木けえ,三木圭恵,みき,58,日本維新の会,日本維新の会,true,前,日本維新の会衆議院兵庫県第７選挙区支部長,72349,true,89.948,false,136
r06-10-27,兵庫県,7,2,false,落,岡田さとる,岡田悟,おかだ,40,立憲民主党,立憲民主党,true,新,株式会社ダイヤモンド社社員,61007,true,75.847,false,136
r06-10-27,兵庫県,7,3,true,当,やまだ賢司,山田賢司,けんじ,58,自由民主党,自由民主党,true,前,選挙区支部長,80434,true,100.000,false,136
r06-10-27,兵庫県,7,4,false,落,上田さち子,上田幸子,うえだこ,76,日本共産党,日本共産党,true,新,日本共産党西宮芦屋地区委員会委員長,18409,false,,false,136
r06-10-27,兵庫県,7,5,false,落,浜本ゆきひろ,浜本幸博,はまもと,60,参政党,参政党,true,新,株式会社オー・スリー代表取締役,14622,false,,false,136
r06-10-27,兵庫県,8,1,false,落,油谷聖一郎,,あぶらたにせいいちろう,50,参政党,参政党,true,新,参政党本部職員,13155,false,,false,136
r06-10-27,兵庫県,8,2,true,当,中野ひろまさ,中野洋昌,なかの,46,公明党,公明党,true,前,党経済産業部会長,71784,false,,false,136
r06-10-27,兵庫県,8,3,false,落,こむら潤,小村潤,じゅん,49,日本共産党,日本共産党,true,新,日本共産党兵庫県委員会役員,26873,true,37.435,false,136
r06-10-27,兵庫県,8,4,false,落,やはたオカン,八幡さゆり,,59,れいわ新選組,れいわ新選組,true,新,無職,12920,false,,false,136
r06-10-27,兵庫県,8,5,false,落,徳安淳子,,とくやすじゅんこ,62,日本維新の会,日本維新の会,true,新,無職,60150,true,83.793,false,136
r06-10-27,兵庫県,8,6,false,落,林マリアゆき,林幸子,はやし,50,みんなでつくる党,みんなでつくる党,true,新,無職,2555,false,,false,136
r06-10-27,兵庫県,9,1,false,落,橋本けいご,橋本慧悟,はしもと,35,立憲民主党,立憲民主党,true,新,立憲民主党兵庫県第９区総支部長,70738,true,79.771,false,136
r06-10-27,兵庫県,9,2,false,落,高田よしのぶ,高田良信,たかた,78,日本共産党,日本共産党,true,新,日本共産党専従職員,9653,false,,false,136
r06-10-27,兵庫県,9,3,false,落,加古きいちろ,加古貴一郎,かこ,61,日本維新の会,日本維新の会,true,新,無職,25515,true,28.773,false,136
r06-10-27,兵庫県,9,4,true,当,西村やすとし,西村康稔,にしむら,62,（無所属）,無所属,false,前,兵庫県土地改良事業団体連合会会長,88676,false,,false,136
r06-10-27,兵庫県,10,1,false,落,ふじわらせいや,藤原誠也,,36,参政党,参政党,true,新,ハレルヤ建築事務所代表,16128,false,,false,136
r06-10-27,兵庫県,10,2,false,落,吉田くみこ,吉田久美子,よしだ,69,日本共産党,日本共産党,true,新,無職,10528,false,,false,136
r06-10-27,兵庫県,10,3,true,当,とかい紀三朗,渡海紀三朗,きさぶろう,76,自由民主党,自由民主党,true,前,選挙区支部長,70673,false,,false,136
r06-10-27,兵庫県,10,4,false,落,ほりいけんじ,掘井健智,,57,日本維新の会,日本維新の会,true,前,無職,30718,true,43.464,false,136
r06-10-27,兵庫県,10,5,false,落,おき圭子,隱樹圭子,けいこ,53,立憲民主党,立憲民主党,true,新,立憲民主党兵庫県第10区総支部長,41435,true,58.629,false,136
r06-10-27,兵庫県,11,1,false,落,苦瓜かずしげ,苦瓜一成,にがうり,70,日本共産党,日本共産党,true,新,無職,17397,false,,false,136
r06-10-27,兵庫県,11,2,false,落,住吉ひろき,住吉寛紀,すみよし,39,日本維新の会,日本維新の会,true,前,日本維新の会衆議院兵庫県第11選挙区支部長,59738,true,66.417,false,136
r06-10-27,兵庫県,11,3,false,落,山下さとし,山下聖,やました,39,参政党,参政党,true,新,一般財団法人日本自動車査定協会兵庫県支所職員,18261,false,,false,136
r06-10-27,兵庫県,11,4,true,当,松本たけあき,松本剛明,まつもと,65,自由民主党,自由民主党,true,前,選挙区支部長,89943,true,100.000,false,136
r06-10-27,兵庫県,12,1,false,落,池畑こうたろう,池畑浩太朗,いけはた,50,日本維新の会,日本維新の会,true,前,日本維新の会衆議院兵庫県第12選挙区支部長,56464,true,78.016,false,137
r06-10-27,兵庫県,12,2,true,当,山口つよし,山口壯,やまぐち,70,自由民主党,自由民主党,true,前,無職,72374,true,100.000,false,137
r06-10-27,兵庫県,12,3,false,落,太田清幸,,おおたきよゆき,69,日本共産党,日本共産党,true,新,日本共産党西播地区委員会職員,14006,false,,false,137
r06-10-27,兵庫県,12,4,false,落,山田敏良,,やまだとしろう,69,（無所属）,無所属,false,新,農業,4932,false,,false,137
r06-10-27,奈良県,1,1,false,落,高野あつし,髙野敦,たかの,49,日本維新の会,日本維新の会,true,新,政党支部長,43400,true,48.049,false,137
r06-10-27,奈良県,1,2,false,落,井上良子,池永良子,いのうえよしこ,60,日本共産党,日本共産党,true,新,政党役員,13511,false,,false,137
r06-10-27,奈良県,1,3,true,当,まぶちすみお,馬淵澄夫,,64,立憲民主党,立憲民主党,true,前,政党役員,90323,true,100.000,false,137
r06-10-27,奈良県,1,4,false,落,林元政子,,はやしもとまさこ,50,参政党,参政党,true,新,訪問看護会社役員,11366,false,,false,137
r06-10-27,奈良県,1,5,false,落,小林しげき,小林茂樹,こばやし,60,自由民主党,自由民主党,true,前,選挙区支部長,73214,true,81.057,false,137
r06-10-27,奈良県,2,1,true,当,高市早苗,髙市早苗,たかいちさなえ,63,自由民主党,自由民主党,true,前,選挙区支部長,128554,true,100.000,false,137
r06-10-27,奈良県,2,2,false,落,服部ちか,服部知佳,はっとり,42,日本維新の会,日本維新の会,true,新,会社役員,34354,true,26.723,false,137
r06-10-27,奈良県,2,3,false,落,池田えい子,池田英子,いけだこ,58,日本共産党,日本共産党,true,新,政党役員,14313,false,,false,137
r06-10-27,奈良県,2,4,false,落,おざき充典,尾﨑充典,みつのり,63,立憲民主党,立憲民主党,true,新,政党役員,36371,true,28.292,false,137
r06-10-27,奈良県,3,1,false,落,原山だいすけ,原山大亮,はらやまだいすけ,47,日本維新の会,日本維新の会,true,新,会社員,41897,true,45.353,false,137
r06-10-27,奈良県,3,2,true,当,たのせ太道,田野瀬太道,たいどう,50,自由民主党,自由民主党,true,前,選挙区支部長,92379,true,100.000,false,137
r06-10-27,奈良県,3,3,false,落,太田あつし,太田敦,おおた,53,日本共産党,日本共産党,true,新,政党役員,20543,false,,false,137
r06-10-27,奈良県,3,4,false,落,かわとやすし,川戸康嗣,,49,立憲民主党,立憲民主党,true,新,会社役員,33101,true,35.831,false,137
r06-10-27,和歌山県,1,1,false,落,林ゆみ,林佑美,はやし,43,日本維新の会,日本維新の会,true,前,会社役員,70745,true,99.825,false,137
r06-10-27,和歌山県,1,2,false,落,村上のりあつ,村上賀厚,むらかみ,65,立憲民主党,立憲民主党,true,新,会社役員,25067,true,35.370,false,137
r06-10-27,和歌山県,1,3,false,落,林元まさたか,林元将崇,はやしもと,26,参政党,参政党,true,新,食品販売業経営,13422,false,,false,137
r06-10-27,和歌山県,1,4,true,当,山本だいち,山本大地,やまもと,33,自由民主党,自由民主党,true,新,選挙区支部長,70869,true,100.000,false,137
r06-10-27,和歌山県,1,5,false,落,井本ゆういち,井本有一,いもと,58,日本共産党,日本共産党,true,新,日本共産党北部地区副委員長,13665,false,,false,137
r06-10-27,和歌山県,1,6,false,落,正司武,,しょうじたけし,73,（心の党）,心の党,false,新,無職,1749,false,,false,137
r06-10-27,和歌山県,2,1,false,落,くすもと文郎,楠本文郎,ふみろう,70,日本共産党,日本共産党,true,新,日本共産党南地区委員会常任委員,19062,false,,false,137
r06-10-27,和歌山県,2,2,false,落,しんこ祐子,新古祐子,ゆうこ,52,立憲民主党,立憲民主党,true,新,会社員,33147,true,32.580,false,137
r06-10-27,和歌山県,2,3,false,落,にかい伸康,二階伸康,のぶやす,46,自由民主党,自由民主党,true,新,選挙区支部長,71114,true,69.898,false,137
r06-10-27,和歌山県,2,4,false,落,高橋ひであき,高橋秀彰,たかはし,42,（鼎立の党）,鼎立の党,false,新,政治団体代表,6033,false,,false,137
r06-10-27,和歌山県,2,5,true,当,せこう弘成,世耕弘成,ひろしげ,61,（無所属）,無所属,false,新,学校法人理事長,101739,false,,false,138
r06-10-27,鳥取県,1,1,false,落,あさくら浩之,朝倉浩之,ひろゆき,51,立憲民主党,立憲民主党,true,新,政党役員,12389,true,,true,138
r06-10-27,鳥取県,1,2,false,落,岡田まさかず,岡田正和,おかだ,42,日本共産党,日本共産党,true,新,政党役員,6220,false,,false,138
r06-10-27,鳥取県,1,3,true,当,石破しげる,石破茂,いしば,67,自由民主党,自由民主党,true,前,無職,106670,false,,false,138
r06-10-27,鳥取県,2,1,false,落,湯原俊二,,ゆはらしゅんじ,61,立憲民主党,立憲民主党,true,前,無職,43696,true,53.597,false,138
r06-10-27,鳥取県,2,2,true,当,赤沢りょうせい,赤澤亮正,あかざわ,63,自由民主党,自由民主党,true,前,自由民主党選挙区支部長,81526,true,100.000,false,138
r06-10-27,鳥取県,2,3,false,落,福住ひでゆき,福住英行,ふくずみ,48,日本共産党,日本共産党,true,新,政党役員,6655,false,,false,138
r06-10-27,島根県,1,1,true,当,亀井亜紀子,,かめいあきこ,59,立憲民主党,立憲民主党,true,前,政党役員,73484,true,100.000,false,138
r06-10-27,島根県,1,2,false,落,むらほえりこ,村穂江利子,,56,日本共産党,日本共産党,true,新,県副委員長,7142,false,,false,138
r06-10-27,島根県,1,3,false,落,たかがい恵美子,髙階恵美子,えみこ,60,自由民主党,自由民主党,true,前,選挙区支部長,63238,true,86.056,false,138
r06-10-27,島根県,2,1,false,落,大塚さとこ,大塚聡子,おおつか,57,立憲民主党,立憲民主党,true,新,政党役員,49302,true,49.386,false,138
r06-10-27,島根県,2,2,true,当,高見やすひろ,髙見康裕,たかみ,44,自由民主党,自由民主党,true,前,選挙区支部長,99829,true,100.000,false,138
r06-10-27,島根県,2,3,false,落,亀谷ゆう子,亀谷優子,かめたにこ,38,日本共産党,日本共産党,true,新,県常任委員,14983,false,,false,138
r06-10-27,岡山県,1,1,false,落,すみより聡美,住寄聡美,さとみ,41,日本共産党,日本共産党,true,新,日本共産党岡山県委員会青年学生部長,8808,false,,false,138
r06-10-27,岡山県,1,2,false,落,はっとり千秋,服部千秋,ちあき,64,日本維新の会,日本維新の会,true,新,無職,11094,true,,true,138
r06-10-27,岡山県,1,3,false,落,原田ケンスケ,原田謙介,はらだ,38,立憲民主党,立憲民主党,true,新,政党役員,51535,true,76.111,false,138
r06-10-27,岡山県,1,4,false,落,佐々木ゆうじ,佐々木雄司,ささき,54,国民民主党,国民民主党,true,新,お手伝いカンパニー代表,22152,true,32.715,false,138
r06-10-27,岡山県,1,5,true,当,あいさわ一郎,沢一郎,いちろう,70,自由民主党,自由民主党,true,前,選挙区支部長,67710,true,100.000,false,138
r06-10-27,岡山県,2,1,true,当,山下たかし,山下貴司,やました,59,自由民主党,自由民主党,true,前,弁護士,95452,true,100.000,false,138
r06-10-27,岡山県,2,2,false,落,余江ゆきお,余江雪央,よえ,47,日本共産党,日本共産党,true,新,日本共産党２区国政対策委員長,12762,false,,false,138
r06-10-27,岡山県,2,3,false,落,つむらけいすけ,津村啓介,,53,立憲民主党,立憲民主党,true,元,政党役員,91906,true,96.285,false,138
r06-10-27,岡山県,3,1,true,当,加藤勝信,,かとうかつのぶ,68,自由民主党,自由民主党,true,前,選挙区支部長,133389,true,100.000,false,138
r06-10-27,岡山県,3,2,false,落,原田あき子,原田亜希子,はらだこ,51,日本共産党,日本共産党,true,新,党３区国政対策委員長,13413,false,,false,138
r06-10-27,岡山県,3,3,false,落,はたともこ,,,58,立憲民主党,立憲民主党,true,新,薬剤師,59781,true,44.817,false,138
r06-10-27,岡山県,4,1,false,落,垣内雄一,,かきうちゆういち,60,日本共産党,日本共産党,true,新,党倉敷地区委員長,12648,false,,false,139
r06-10-27,岡山県,4,2,false,落,橋本がく,橋本岳,はしもと,50,自由民主党,自由民主党,true,前,選挙区支部長,75400,true,84.577,false,139
r06-10-27,岡山県,4,3,true,当,柚木みちよし,柚木道義,ゆのき,52,立憲民主党,立憲民主党,true,前,政党役員,89149,true,100.000,false,139
r06-10-27,広島県,1,1,false,落,中原つよし,中原剛,なかはら,68,日本共産党,日本共産党,true,新,無職,12225,false,,false,139
r06-10-27,広島県,1,2,true,当,岸田文雄,,きしだふみお,67,自由民主党,自由民主党,true,前,自由民主党広島県第一選挙区支部長,100740,false,,false,139
r06-10-27,広島県,1,3,false,落,山田はじめ,山田肇,やまだ,35,日本維新の会,日本維新の会,true,新,無職,26849,true,26.651,false,139
r06-10-27,広島県,1,4,false,落,うぶはらとしふみ,産原稔文,,57,（無所属）,無所属,false,新,無職,5995,false,,false,139
r06-10-27,広島県,1,5,false,落,平本浩一,,ひらもとこういち,58,立憲民主党,立憲民主党,true,新,会社役員,46493,true,46.151,false,139
r06-10-27,広島県,2,1,false,落,福田玄,,ふくだげん,42,国民民主党,国民民主党,true,新,国民民主党広島県連政策委員,61679,true,74.814,false,139
r06-10-27,広島県,2,2,true,当,平口ひろし,平口洋,ひらぐち,76,自由民主党,自由民主党,true,前,自由民主党広島県第二選挙区支部長,82443,false,,false,139
r06-10-27,広島県,2,3,false,落,岡田ひろみ,岡田博美,おかだ,65,日本共産党,日本共産党,true,新,中央保健生協嘱託職員,17354,false,,false,139
r06-10-27,広島県,2,4,false,落,かねしろ政孝,金城政孝,まさたか,49,日本維新の会,日本維新の会,true,新,無職,21846,true,26.498,false,139
r06-10-27,広島県,3,1,false,落,高見あつみ,高見篤己,たかみ,72,日本共産党,日本共産党,true,新,政党職員,14128,false,,false,139
r06-10-27,広島県,3,2,true,当,齊藤てつお,齊藤鉄夫,さいとう,72,公明党,公明党,true,前,政党役員,86654,false,,false,139
r06-10-27,広島県,3,3,false,落,あずまかつや,東克哉,,43,立憲民主党,立憲民主党,true,新,あずま理学療法士事務所代表,71952,true,83.033,false,139
r06-10-27,広島県,3,4,false,落,玉田のりたか,玉田憲勲,たまだ,67,（無所属）,無所属,false,新,医療法人ひまわり会桐陽台医院院長,10751,false,,false,139
r06-10-27,広島県,4,1,false,落,てらだ稔,寺田稔,みのる,66,自由民主党,自由民主党,true,前,自由民主党広島県第四選挙区支部長,91653,true,97.808,false,139
r06-10-27,広島県,4,2,true,当,空本せいき,空本誠喜,そらもと,60,日本維新の会,日本維新の会,true,前,会社役員,93707,true,100.000,false,139
r06-10-27,広島県,5,1,false,落,いのはら真弓,猪原真弓,まゆみ,63,日本共産党,日本共産党,true,新,無職,11106,false,,false,139
r06-10-27,広島県,5,2,false,落,こじま敏文,小島敏文,としふみ,74,自由民主党,自由民主党,true,前,自由民主党広島県第五選挙区支部長,60796,false,,false,139
r06-10-27,広島県,5,3,true,当,佐藤こうじ,佐藤公治,さとう,65,立憲民主党,立憲民主党,true,前,政党役員,82297,true,100.000,false,139
r06-10-27,広島県,6,1,true,当,小林史明,,こばやしふみあき,41,自由民主党,自由民主党,true,前,自由民主党広島県第六選挙区支部長,97991,true,100.000,false,139
r06-10-27,広島県,6,2,false,落,しげむら幸司,重村幸司,こうじ,73,日本共産党,日本共産党,true,新,無職,12154,false,,false,139
r06-10-27,広島県,6,3,false,落,井上しんや,井上信也,いのうえ,47,立憲民主党,立憲民主党,true,新,特定非営利活動法人岡山ランニングラボ代表理事,52852,true,53.935,false,139
r06-10-27,山口県,1,1,false,落,坂本ふみこ,坂本史子,さかもと,69,立憲民主党,立憲民主党,true,新,政党役員,40237,true,40.380,false,139
r06-10-27,山口県,1,2,true,当,高村正大,,こうむらまさひろ,53,自由民主党,自由民主党,true,前,選挙区支部長,99644,true,100.000,false,140
r06-10-27,山口県,1,3,false,落,のだきよし,野田陽志,,48,国民民主党,国民民主党,true,新,団体役員,31710,true,31.823,false,140
r06-10-27,山口県,1,4,false,落,みふじ美智子,三藤美智子,みちこ,67,日本共産党,日本共産党,true,新,日本共産党山口県北南地区委員長,11798,false,,false,140
r06-10-27,山口県,2,1,false,落,平岡秀夫,,ひらおかひでお,70,立憲民主党,立憲民主党,true,元,弁護士,103161,true,98.356,false,140
r06-10-27,山口県,2,2,true,当,岸のぶちよ,岸信千世,きし,33,自由民主党,自由民主党,true,前,自由民主党山口県第二選挙区支部支部長,104885,true,100.000,false,140
r06-10-27,山口県,3,1,false,落,伊藤博文,,いとうひろふみ,55,日本維新の会,日本維新の会,true,新,会社役員,32259,true,27.884,false,140
r06-10-27,山口県,3,2,true,当,林よしまさ,林芳正,はやし,63,自由民主党,自由民主党,true,前,選挙区支部長,115687,true,100.000,false,140
r06-10-27,山口県,3,3,false,落,ふきあげ政子,吹上政子,まさこ,69,日本共産党,日本共産党,true,新,日本共産党山口県西部地区委員長,18105,false,,false,140
r06-10-27,徳島県,1,1,true,当,仁木博文,,にきひろぶみ,58,自由民主党,自由民主党,true,前,選挙区支部長,85386,true,100.000,false,140
r06-10-27,徳島県,1,2,false,落,高橋えい,高橋永,たかはし,49,立憲民主党,立憲民主党,true,新,立憲民主党徳島県第１区総支部長,54839,true,64.224,false,140
r06-10-27,徳島県,1,3,false,落,佐藤行俊,,さとうゆきとし,76,（無所属）,無所属,false,新,無職,2318,false,,false,140
r06-10-27,徳島県,1,4,false,落,久保たかゆき,久保孝之,くぼ,61,日本共産党,日本共産党,true,新,日本共産党徳島地区委員長,8454,false,,false,140
r06-10-27,徳島県,1,5,false,落,吉田とも代,吉田知代,よしだよ,49,日本維新の会,日本維新の会,true,前,政治団体役員,20270,true,23.739,false,140
r06-10-27,徳島県,2,1,false,落,飯泉かもん,飯泉嘉門,いいずみ,64,（無所属）,無所属,false,新,無職,52151,false,,false,140
r06-10-27,徳島県,2,2,true,当,山口俊一,,やまぐちしゅんいち,74,自由民主党,自由民主党,true,前,選挙区支部長,55830,false,,false,140
r06-10-27,徳島県,2,3,false,落,はま共生,濵共生,きょうせい,43,日本共産党,日本共産党,true,新,日本共産党徳島地区常任委員,8198,false,,false,140
r06-10-27,徳島県,2,4,false,落,祝聡,,ほうりさとし,55,日本維新の会,日本維新の会,true,新,自営業,11122,true,,true,140
r06-10-27,香川県,1,1,false,落,小林なおみ,小林直美,こばやし,50,参政党,参政党,true,新,無職,9176,true,,true,140
r06-10-27,香川県,1,2,false,落,たなべ健一,田邉健一,けんいち,43,日本共産党,日本共産党,true,新,政党職員,5646,false,,false,140
r06-10-27,香川県,1,3,true,当,小川じゅんや,小川淳也,おがわ,53,立憲民主党,立憲民主党,true,前,政党役員,82549,true,100.000,false,140
r06-10-27,香川県,1,4,false,落,平井卓也,,ひらいたくや,66,自由民主党,自由民主党,true,前,自由民主党香川県第一選挙区支部長,51727,true,62.662,false,140
r06-10-27,香川県,1,5,false,落,町川ジュンコ,町川順子,まちかわ,65,日本維新の会,日本維新の会,true,新,元国会議員秘書,11730,true,,true,140
r06-10-27,香川県,2,1,true,当,たまき雄一郎,玉木雄一郎,ゆういちろう,55,国民民主党,国民民主党,true,前,前衆議院議員,89899,true,100.000,false,140
r06-10-27,香川県,2,2,false,落,せと隆一,瀬戸隆一,たかかず,59,自由民主党,自由民主党,true,前,自由民主党香川県第二選挙区支部長,39006,true,43.388,false,140
r06-10-27,香川県,2,3,false,落,石田まゆ,石田真優,いしだ,42,日本共産党,日本共産党,true,新,政党職員,6466,false,,false,140
r06-10-27,香川県,3,1,false,落,ささい孝志,笹井孝志,たかし,71,日本共産党,日本共産党,true,新,農業,5166,false,,false,141
r06-10-27,香川県,3,2,false,落,細川修平,,ほそかわしゅうへい,50,日本維新の会,日本維新の会,true,新,政治団体役員,15902,true,25.424,false,141
r06-10-27,香川県,3,3,false,落,大岡ひろみ,大岡弘美,おおおか,54,立憲民主党,立憲民主党,true,新,主婦,29900,true,47.805,false,141
r06-10-27,香川県,3,4,true,当,大野敬太郎,,おおのけいたろう,55,自由民主党,自由民主党,true,前,自由民主党香川県第三選挙区支部長,62545,true,100.000,false,141
r06-10-27,愛媛県,1,1,false,落,いしいともえ,石井智恵,,56,国民民主党,国民民主党,true,新,政党役員,48393,true,45.871,false,141
r06-10-27,愛媛県,1,2,false,落,石本憲一,,いしもとけんいち,77,日本共産党,日本共産党,true,新,日本共産党愛媛県委員会書記長,9608,false,,false,141
r06-10-27,愛媛県,1,3,true,当,塩崎あきひさ,塩崎彰久,しおざき,48,自由民主党,自由民主党,true,前,選挙区支部長,105498,true,100.000,false,141
r06-10-27,愛媛県,1,4,false,落,こうそがべよしみち,香曽我部慶教,,47,立憲民主党,立憲民主党,true,新,政党役員,31790,true,30.133,false,141
r06-10-27,愛媛県,2,1,false,落,かじのこうすけ,梶野耕佑,,40,日本維新の会,日本維新の会,true,新,選挙区支部長,17417,true,,true,141
r06-10-27,愛媛県,2,2,true,当,白石洋一,,しらいしよういち,61,立憲民主党,立憲民主党,true,前,政党役員,102363,true,100.000,false,141
r06-10-27,愛媛県,2,3,false,落,井原たくみ,井原巧,いはら,60,自由民主党,自由民主党,true,前,愛媛県第二選挙区支部長,80056,false,,false,141
r06-10-27,愛媛県,3,1,true,当,長谷川じゅんじ,長谷川淳二,はせがわ,56,自由民主党,自由民主党,true,前,選挙区支部長,102587,true,100.000,false,141
r06-10-27,愛媛県,3,2,false,落,西井直人,,にしいなおひと,67,日本共産党,日本共産党,true,新,政党役員,11963,false,,false,141
r06-10-27,愛媛県,3,3,false,落,越智きよすみ,越智清純,おち,42,立憲民主党,立憲民主党,true,新,医師,50702,true,49.423,false,141
r06-10-27,高知県,1,1,true,当,中谷元,,なかたにげん,67,自由民主党,自由民主党,true,前,選挙区支部長,89110,true,100.000,false,141
r06-10-27,高知県,1,2,false,落,武内のりお,武内則男,たけうち,66,立憲民主党,立憲民主党,true,元,立憲民主党高知県第１区総支部長,55750,true,62.563,false,141
r06-10-27,高知県,2,1,false,落,浜川ゆりこ,山本百合子,はまかわ,45,日本共産党,日本共産党,true,新,党高知県副委員長,43394,true,42.335,false,141
r06-10-27,高知県,2,2,true,当,おざき正直,尾﨑正直,まさなお,57,自由民主党,自由民主党,true,前,無職,102501,true,100.000,false,141
r06-10-27,福岡県,1,1,true,当,井上たかひろ,井上貴博,いのうえ,62,自由民主党,自由民主党,true,前,選挙区支部長,70408,true,100.000,false,141
r06-10-27,福岡県,1,2,false,落,わたぬき英彦,綿貫英彦,ひでひこ,58,日本共産党,日本共産党,true,新,公益社団法人福岡医療団職員,13107,false,,false,141
r06-10-27,福岡県,1,3,false,落,村田しゅんいち,村田峻一,むらた,32,社会民主党,社会民主党,true,新,政党職員,8067,true,,true,141
r06-10-27,福岡県,1,4,false,落,緒方きえ,野中貴恵,おがた,40,参政党,参政党,true,新,漫画家,18872,false,,false,141
r06-10-27,福岡県,1,5,false,落,山本ごうせい,山本剛正,やまもと,52,日本維新の会,日本維新の会,true,前,政治団体役員,34346,true,48.781,false,141
r06-10-27,福岡県,1,6,false,落,丸尾けいすけ,丸尾圭祐,まるお,42,立憲民主党,立憲民主党,true,新,政党役員,55343,true,78.603,false,141
r06-10-27,福岡県,2,1,false,落,黒石ゆうこ,黒石裕子,くろいし,32,参政党,参政党,true,新,会社員,16689,false,,false,141
r06-10-27,福岡県,2,2,true,当,いなとみ修二,稲富修二,しゅうじ,54,立憲民主党,立憲民主党,true,前,政党役員,98837,true,100.000,false,142
r06-10-27,福岡県,2,3,false,落,おにき誠,鬼木誠,まこと,52,自由民主党,自由民主党,true,前,選挙区支部長,86698,true,87.718,false,142
r06-10-27,福岡県,2,4,false,落,沖園リエ,沖園理恵,おきぞの,50,（無所属）,無所属,false,新,naturalnaturalオーガニック食品フードプランナー,7097,false,,false,142
r06-10-27,福岡県,2,5,false,落,松尾りつ子,松尾律子,まつおこ,52,日本共産党,日本共産党,true,新,会社員,10201,false,,false,142
r06-10-27,福岡県,2,6,false,落,本司ゆきひろ,本司敬宏,ほんじ,39,日本維新の会,日本維新の会,true,新,公認会計士,16139,true,,true,142
r06-10-27,福岡県,3,1,false,落,重松ゆうこ,重松雄子,しげまつ,65,参政党,参政党,true,新,食育講師,12887,false,,false,142
r06-10-27,福岡県,3,2,false,落,奥田ふみよ,遠藤芙美代,おくだ,47,れいわ新選組,れいわ新選組,true,新,ピアノ講師,22661,true,,true,142
r06-10-27,福岡県,3,3,false,落,瀬尾ひでとし,瀬尾英昇司,せお,49,日本維新の会,日本維新の会,true,新,政治団体役員,23289,true,24.495,false,142
r06-10-27,福岡県,3,4,false,落,山口ゆうと,山口湧人,やまぐち,35,日本共産党,日本共産党,true,新,党福岡西部地区青年学生対策副部長,11059,false,,false,142
r06-10-27,福岡県,3,5,false,落,にえだ元気,仁戸田元氣,げんき,45,立憲民主党,立憲民主党,true,新,政党役員,65835,true,69.246,false,142
r06-10-27,福岡県,3,6,true,当,古賀あつし,古賀篤,こが,52,自由民主党,自由民主党,true,前,選挙区支部長,95074,true,100.000,false,142
r06-10-27,福岡県,4,1,true,当,宮内ひでき,宮内秀樹,みやうち,62,自由民主党,自由民主党,true,前,選挙区支部長,68585,false,,false,142
r06-10-27,福岡県,4,2,false,落,吉松もとあき,吉松源昭,よしまつ,56,（無所属）,無所属,false,新,福岡県議会議員,28915,false,,false,142
r06-10-27,福岡県,4,3,false,落,あべひろき,阿部弘樹,,62,日本維新の会,日本維新の会,true,前,医師,34572,true,50.407,false,142
r06-10-27,福岡県,4,4,false,落,ゆきひら佳弘,行平佳弘,よしひろ,38,参政党,参政党,true,新,個人事業主,11401,false,,false,142
r06-10-27,福岡県,4,5,false,落,このみ亮太郎,許斐亮太郎,りょうたろう,50,国民民主党,国民民主党,true,新,政党役員,40753,true,59.419,false,142
r06-10-27,福岡県,4,6,false,落,そうあきこ,宗晶子,,53,社会民主党,社会民主党,true,新,社民党福岡県連合副代表,20051,true,,true,142
r06-10-27,福岡県,5,1,false,落,岡部吉高,,おかべよしたか,42,参政党,参政党,true,新,会社員,15733,false,,false,142
r06-10-27,福岡県,5,2,false,落,松尾よしみつ,松尾嘉三,まつお,56,日本維新の会,日本維新の会,true,新,日本維新の会衆議院福岡県第５選挙区支部支部長,23604,true,,true,142
r06-10-27,福岡県,5,3,false,落,堤かなめ,,つつみ,64,立憲民主党,立憲民主党,true,前,無職,83588,true,79.183,false,142
r06-10-27,福岡県,5,4,false,落,タコスキッド,奈須義文,,48,（無所属）,無所属,false,新,プロレスラー,17691,false,,false,142
r06-10-27,福岡県,5,5,true,当,くりはら渉,栗原渉,わたる,59,自由民主党,自由民主党,true,新,自由民主党福岡県第５選挙区支部支部長,105563,true,100.000,false,142
r06-10-27,福岡県,6,1,true,当,はとやま二郎,鳩山二郎,じろう,45,自由民主党,自由民主党,true,前,衆議院支部長,88197,true,100.000,false,142
r06-10-27,福岡県,6,2,false,落,近藤まさひこ,近藤雅彦,こんどう,49,国民民主党,国民民主党,true,新,政党役員,46997,true,53.286,false,142
r06-10-27,福岡県,6,3,false,落,古川やすし,古川恭司,ふるかわ,58,参政党,参政党,true,新,NPO法人会長,11651,false,,false,142
r06-10-27,福岡県,6,4,false,落,ふくなり健太,福成健太,けんた,42,日本維新の会,日本維新の会,true,新,会社員,22779,true,25.827,false,142
r06-10-27,福岡県,6,5,false,落,河野かずひろ,河野一弘,かわの,52,日本共産党,日本共産党,true,新,党筑後地区常任委員福岡６区国政対策委員長,12091,false,,false,142
r06-10-27,福岡県,7,1,false,落,平島しろう,平島史朗,ひらしま,65,日本共産党,日本共産党,true,新,党県委員福岡７区国政対策委員長,12307,false,,false,143
r06-10-27,福岡県,7,2,false,落,かめだ晃尚,亀田晃尚,あきひさ,53,立憲民主党,立憲民主党,true,新,政党役員,47444,true,60.033,false,143
r06-10-27,福岡県,7,3,true,当,藤丸さとし,藤丸敏,ふじまる,64,自由民主党,自由民主党,true,前,自民党福岡県第７選挙区支部長,79029,true,100.000,false,143
r06-10-27,福岡県,8,1,true,当,あそう太郎,麻生太郎,たろう,84,自由民主党,自由民主党,true,前,政党役員,92534,false,,false,143
r06-10-27,福岡県,8,2,false,落,森田としふみ,森田俊文,もりた,61,（無所属）,無所属,false,新,ジャーナリスト,34407,false,,false,143
r06-10-27,福岡県,8,3,false,落,かわの祥子,河野祥子,しょうこ,44,日本共産党,日本共産党,true,新,党国会議員団九州沖縄ブロック事務所員,35493,false,,false,143
r06-10-27,福岡県,9,1,true,当,おがた林太郎,緒方林太郎,りんたろう,51,（無所属）,無所属,false,前,政治団体代表,102885,false,,false,143
r06-10-27,福岡県,9,2,false,落,三原あさと,三原朝利,みはら,46,（無所属）,無所属,false,新,無職,50252,false,,false,143
r06-10-27,福岡県,9,3,false,落,山本なおみ,山本直緒美,やまもと,60,参政党,参政党,true,新,書道講師,12740,false,,false,143
r06-10-27,福岡県,9,4,false,落,山田ひろとし,紫垣博敏,やまだ,62,日本共産党,日本共産党,true,新,党八幡戸畑遠賀地区委員長,13662,false,,false,143
r06-10-27,福岡県,10,1,true,当,きいたかし,城井崇,,51,立憲民主党,立憲民主党,true,前,政党役員,71687.819,true,100.000,false,143
r06-10-27,福岡県,10,2,false,落,吉村はるか,吉村悠,よしむら,39,自由民主党,自由民主党,true,新,無職,54186,true,75.586,false,143
r06-10-27,福岡県,10,3,false,落,大石じんと,大石仁人,おおいし,39,（無所属）,無所属,false,新,無職,37858,false,,false,143
r06-10-27,福岡県,10,4,false,落,いちのせ小夜子,一ノ瀬小夜子,さよこ,75,日本共産党,日本共産党,true,新,党門司小倉地区委員会副委員長医療福祉対策委員長,11182,false,,false,143
r06-10-27,福岡県,10,5,false,落,福本たかし,福本尭,ふくもと,42,日本維新の会,日本維新の会,true,新,会社役員,11021.178,true,,true,143
r06-10-27,福岡県,11,1,false,落,しき玲子,志岐玲子,れいこ,71,社会民主党,社会民主党,true,新,団体役員,15297,true,25.996,false,143
r06-10-27,福岡県,11,2,false,落,たけだ良太,武田良太,りょうた,56,自由民主党,自由民主党,true,前,選挙区支部長,56607,false,,false,143
r06-10-27,福岡県,11,3,true,当,村上とものぶ,村上智信,むらかみ,55,日本維新の会,日本維新の会,true,新,経営コンサルタント（自営業）,58842,true,100.000,false,143
r06-10-27,佐賀県,1,1,false,落,岩田かずちか,岩田和親,いわた,51,自由民主党,自由民主党,true,前,経済産業副大臣,79723,true,82.973,false,143
r06-10-27,佐賀県,1,2,true,当,原口一博,,はらぐちかずひろ,65,立憲民主党,立憲民主党,true,前,政党役員,96083,true,100.000,false,143
r06-10-27,佐賀県,2,1,false,落,古川やすし,古川康,ふるかわ,66,自由民主党,自由民主党,true,前,自由民主党佐賀県第二選挙区支部支部長,76554,true,80.093,false,143
r06-10-27,佐賀県,2,2,true,当,大串ひろし,大串博志,おおぐし,59,立憲民主党,立憲民主党,true,前,政党役員,95581,true,100.000,false,143
r06-10-27,佐賀県,2,3,false,落,井上ゆうすけ,井上祐輔,いのうえ,38,日本共産党,日本共産党,true,新,政党役員,7596,false,,false,143
r06-10-27,佐賀県,2,4,false,落,しもひごし優也,下吹越優也,ゆうや,31,参政党,参政党,true,新,自営業（家業の運営の手伝い）,7108,false,,false,143
r06-10-27,長崎県,1,1,false,落,山田ひろし,山田博司,やまだ,54,日本維新の会,日本維新の会,true,新,日本維新の会長崎県総支部幹事長,12836,true,,true,143
r06-10-27,長崎県,1,2,false,落,内田隆英,,うちだたかひで,68,日本共産党,日本共産党,true,新,政党役員,8679,false,,false,144
r06-10-27,長崎県,1,3,false,落,黒石隆太,,くろいしりゅうた,33,参政党,参政党,true,新,参政党本部職員,9401,true,,true,144
r06-10-27,長崎県,1,4,false,落,下条博文,下條博文,しもじょうひろふみ,49,自由民主党,自由民主党,true,新,選挙区支部長,48382,true,55.114,false,144
r06-10-27,長崎県,1,5,true,当,西岡秀子,,にしおかひでこ,60,国民民主党,国民民主党,true,前,政党役員,87784,true,100.000,false,144
r06-10-27,長崎県,2,1,true,当,加藤竜祥,,かとうりゅうしょう,44,自由民主党,自由民主党,true,前,長崎県第二選挙区支部長,96095,false,,false,144
r06-10-27,長崎県,2,2,false,落,山田勝彦,,やまだかつひこ,45,立憲民主党,立憲民主党,true,前,立憲民主党長崎県２区総支部総支部長,81808,true,85.132,false,144
r06-10-27,長崎県,2,3,false,落,髙木さとこ,髙木聡子,たかき,43,参政党,参政党,true,新,オルタナティブスクールにじの木代表,15365,false,,false,144
r06-10-27,長崎県,2,4,false,落,横田ともひろ,横田朋大,よこた,37,日本維新の会,日本維新の会,true,新,政治団体役員,14098,true,,true,144
r06-10-27,長崎県,3,1,false,落,井上翔一朗,,いのうえしょういちろう,41,日本維新の会,日本維新の会,true,新,株式会社フィランド代表取締役,19217,true,21.133,false,144
r06-10-27,長崎県,3,2,true,当,金子容三,,かねこようぞう,41,自由民主党,自由民主党,true,前,選挙区支部長,90930,true,100.000,false,144
r06-10-27,長崎県,3,3,false,落,すえつぐ精一,末次精一,せいいち,61,立憲民主党,立憲民主党,true,元,NPO法人ハッピーワーク理事長,68494,true,75.326,false,144
r06-10-27,熊本県,1,1,false,落,出口しんたろう,出口慎太郎,でぐち,42,立憲民主党,立憲民主党,true,新,政党役員,64238,true,58.362,false,144
r06-10-27,熊本県,1,2,true,当,木原みのる,木原稔,きはら,55,自由民主党,自由民主党,true,前,自由民主党熊本県第一選挙区支部長,110068,true,100.000,false,144
r06-10-27,熊本県,1,3,false,落,重松たかみ,重松貴美,しげまつ,35,参政党,参政党,true,新,会社役員,25325,false,,false,144
r06-10-27,熊本県,2,1,true,当,西野だいすけ,西野太亮,にしの,46,自由民主党,自由民主党,true,前,自由民主党熊本県第二選挙区支部長,102624,true,100.000,false,144
r06-10-27,熊本県,2,2,false,落,こんだあかね,近田茜,,32,参政党,参政党,true,新,自営業,25944,false,,false,144
r06-10-27,熊本県,2,3,false,落,おくだ木の実,奥田木の実,こみ,28,日本共産党,日本共産党,true,新,政党役員,19469,false,,false,144
r06-10-27,熊本県,3,1,false,落,植田たかとし,植田貴俊,うえだ,40,参政党,参政党,true,新,自営業,22958,false,,false,144
r06-10-27,熊本県,3,2,true,当,坂本てつし,坂本哲志,さかもと,73,自由民主党,自由民主党,true,前,自由民主党熊本県第三選挙区支部長,104684,false,,false,144
r06-10-27,熊本県,3,3,false,落,橋村りか,,はしむら,52,社会民主党,社会民主党,true,新,小学校児童クラブ支援員,36088,true,34.473,false,144
r06-10-27,熊本県,4,1,false,落,矢上雅義,,やがみまさよし,64,日本維新の会,日本維新の会,true,元,会社役員,36203,true,30.182,false,144
r06-10-27,熊本県,4,2,true,当,金子やすし,金子恭之,かねこ,63,自由民主党,自由民主党,true,前,自由民主党熊本県第四選挙区支部長,119947,true,100.000,false,144
r06-10-27,熊本県,4,3,false,落,笹本ゆきこ,笹本由紀子,ささもと,59,立憲民主党,立憲民主党,true,新,政党役員,49672,true,41.411,false,144
r06-10-27,大分県,1,1,false,落,えとう博昭,衛藤博昭,ひろあき,44,自由民主党,自由民主党,true,新,選挙区支部長,70584,true,72.809,false,144
r06-10-27,大分県,1,2,false,落,野中しんすけ,野中慎也,のなか,38,参政党,参政党,true,新,YOUTUBER,15626,true,,true,144
r06-10-27,大分県,1,3,false,落,山下かい,山下魁,やました,47,日本共産党,日本共産党,true,新,政党役員,14186,false,,false,145
r06-10-27,大分県,1,4,true,当,吉良州司,,きらしゅうじ,66,（無所属）,無所属,false,前,政治団体代表,96944,false,,false,145
r06-10-27,大分県,2,1,false,落,吉川はじめ,吉川元,よしかわ,58,立憲民主党,立憲民主党,true,前,政党役員,57234,true,91.283,false,145
r06-10-27,大分県,2,2,true,当,広瀬建,,ひろせけん,50,（無所属）,無所属,false,新,無職,62699,false,,false,145
r06-10-27,大分県,2,3,false,落,えとう征士郎,衛藤征士郎,せいしろう,83,自由民主党,自由民主党,true,前,選挙区支部長,27553,false,,false,145
r06-10-27,大分県,3,1,false,落,小林かやこ,小林華弥子,こばやし,56,立憲民主党,立憲民主党,true,新,政党役員,60207,true,68.964,false,145
r06-10-27,大分県,3,2,true,当,岩屋たけし,岩屋毅,いわや,67,自由民主党,自由民主党,true,前,政党選挙区支部長,87301,true,100.000,false,145
r06-10-27,大分県,3,3,false,落,大塚みつよし,大塚光義,おおつか,69,日本共産党,日本共産党,true,新,政党役員,10550,false,,false,145
r06-10-27,宮崎県,1,1,false,落,たけい俊輔,武井俊輔,しゅんすけ,49,自由民主党,自由民主党,true,前,選挙区支部長,49310,true,61.943,false,145
r06-10-27,宮崎県,1,2,false,落,しげいゆか,滋井祐香,,44,参政党,参政党,true,新,パーソナルトレーナー,17100,false,,false,145
r06-10-27,宮崎県,1,3,false,落,外山いつき,外山斎,とやま,48,日本維新の会,日本維新の会,true,新,会社顧問,24846,true,31.211,false,145
r06-10-27,宮崎県,1,4,true,当,渡辺創,,わたなべそう,47,立憲民主党,立憲民主党,true,前,政党役員,79605,true,100.000,false,145
r06-10-27,宮崎県,2,1,false,落,長友しんじ,長友慎治,ながとも,47,国民民主党,国民民主党,true,前,国民民主党宮崎県第２総支部総支部長,61603,true,82.836,false,145
r06-10-27,宮崎県,2,2,false,落,白江好友,,しらえよしとも,36,日本共産党,日本共産党,true,新,党専従,6113,false,,false,145
r06-10-27,宮崎県,2,3,true,当,江藤拓,,えとうたく,64,自由民主党,自由民主党,true,前,選挙区支部長,74367,true,100.000,false,145
r06-10-27,宮崎県,3,1,true,当,ふるかわよしひさ,古川禎久,,59,自由民主党,自由民主党,true,前,選挙区支部長,94009,true,100.000,false,145
r06-10-27,宮崎県,3,2,false,落,新村はつよ,新村初代,しんむら,77,日本共産党,日本共産党,true,新,無職,24733,false,,false,145
r06-10-27,鹿児島県,1,1,false,落,のぼりたくま,昇拓真,,34,参政党,参政党,true,新,Ｔ－ＲＩＳＥＳ株式会社代表取締役,16607.576,false,,false,145
r06-10-27,鹿児島県,1,2,false,落,みやじ拓馬,宮路拓馬,たくま,44,自由民主党,自由民主党,true,前,選挙区支部長,78221.422,true,96.667,false,145
r06-10-27,鹿児島県,1,3,true,当,川内ひろし,川内博史,かわうち,62,立憲民主党,立憲民主党,true,前,政党役員,80918,true,100.000,false,145
r06-10-27,鹿児島県,2,1,false,落,矢竹ゆかり,,やたけ,61,参政党,参政党,true,新,生命保険代理店,7982,false,,false,145
r06-10-27,鹿児島県,2,2,false,落,まつざき真琴,松崎眞琴,まこと,66,日本共産党,日本共産党,true,新,団体職員党の中央委員,12255,true,,true,145
r06-10-27,鹿児島県,2,3,true,当,みたぞのさとし,三反園訓,,66,（無所属）,無所属,false,前,無職,80397,false,,false,145
r06-10-27,鹿児島県,2,4,false,落,つじ健太郎,健太郎,けんたろう,38,日本維新の会,日本維新の会,true,新,コンサルティング企業経営,19649,true,24.439,false,145
r06-10-27,鹿児島県,2,5,false,落,やすおか宏武,保岡広武,ひろたけ,51,自由民主党,自由民主党,true,前,選挙区支部長,54847,true,68.220,false,145
r06-10-27,鹿児島県,3,1,true,当,野間たけし,野間健,のま,66,立憲民主党,立憲民主党,true,前,政党役員,102762,true,100.000,false,146
r06-10-27,鹿児島県,3,2,false,落,小里やすひろ,小里泰弘,おざと,66,自由民主党,自由民主党,true,前,政党役員,73630,true,71.650,false,146
r06-10-27,鹿児島県,4,1,true,当,森山ひろし,森山,もりやま,79,自由民主党,自由民主党,true,前,団体役員（自由民主党幹事長）,111484,false,,false,146
r06-10-27,鹿児島県,4,2,false,落,山内みつのり,山内光典,やまうち,73,社会民主党,社会民主党,true,新,政党役員,43412,true,38.940,false,146
r06-10-27,沖縄県,1,1,false,落,下地ミキオ,下地幹郎,しもじ,63,（無所属）,無所属,false,元,無職,29615,false,,false,146
r06-10-27,沖縄県,1,2,false,落,コクバ幸之助,國場幸之助,こうのすけ,51,自由民主党,自由民主党,true,前,選挙区支部長,42104,true,84.481,false,146
r06-10-27,沖縄県,1,3,false,落,和田ともひさ,和田知久,わだ,64,参政党,参政党,true,新,国立大学法人琉球大学教授,9271,false,,false,146
r06-10-27,沖縄県,1,4,true,当,あかみね政賢,赤嶺政賢,せいけん,76,日本共産党,日本共産党,true,前,党沖縄県委員長,49838,true,100.000,false,146
r06-10-27,沖縄県,2,1,false,落,今野あさみ,今野麻美,こんの,47,参政党,参政党,true,新,契約社員（写真館勤務）,11813,false,,false,146
r06-10-27,沖縄県,2,2,false,落,ミヤザキ政久,宮﨑政久,まさひさ,59,自由民主党,自由民主党,true,前,厚生労働副大臣,47272,true,77.221,false,146
r06-10-27,沖縄県,2,3,false,落,赤嶺ノボル,赤嶺昇,あかみね,57,日本維新の会,日本維新の会,true,新,経営コンサルタント,22959,true,37.504,false,146
r06-10-27,沖縄県,2,4,true,当,新垣クニオ,新垣邦男,あらかき,68,社会民主党,社会民主党,true,前,無職,61216,true,100.000,false,146
r06-10-27,沖縄県,2,5,false,落,ヒガタカシ,比嘉隆,,47,（無所属）,無所属,false,新,株式会社リュウタン代表取締役,2374,false,,false,146
r06-10-27,沖縄県,3,1,false,落,ヤラともひろ,屋良朝博,,62,立憲民主党,立憲民主党,true,前,政党役員,71457,true,97.584,false,146
r06-10-27,沖縄県,3,2,true,当,島尻あい子,島尻安伊子,しまじりこ,59,自由民主党,自由民主党,true,前,自由民主党沖縄県第３選挙区支部長,73226,true,100.000,false,146
r06-10-27,沖縄県,3,3,false,落,新城つかさ,新城司,しんじょう,46,参政党,参政党,true,新,運送会社社員,12242,false,,false,146
r06-10-27,沖縄県,4,1,false,落,金城トオル,金城徹,きんじょう,71,立憲民主党,立憲民主党,true,新,無職,47248,true,77.090,false,146
r06-10-27,沖縄県,4,2,false,落,山川やすひろ,山川泰博,やまかわ,54,日本維新の会,日本維新の会,true,新,会社員,12481.878,true,,true,146
r06-10-27,沖縄県,4,3,true,当,ニシメ恒三郎,西銘恒三郎,こうさぶろう,70,自由民主党,自由民主党,true,前,自由民主党沖縄県第４選挙区支部長,61289,true,100.000,false,146
r06-10-27,沖縄県,4,4,false,落,山川ひとし,山川仁,やまかわ,50,れいわ新選組,れいわ新選組,true,新,無職,20284.111,true,33.095,false,146
